timestamp_wat,asset,signal,confidence,price,analysis,confirms,meta,result,result_time_wat
2025-10-23 08:34:12,TSLA,BUY,86,438.84,EMA fast>slow; PSAR below price,3,"{""ema_fast"": 438.568549076562, ""ema_slow"": 438.26740987975114, ""macd_hist"": 0.0937063918542983, ""rsi"": 58.3579455780904, ""atr"": 0.6146887033399422, ""psar"": 437.44336067189636}",,
2025-10-23 08:36:13,TSLA,BUY,86,438.84,EMA fast>slow; PSAR below price,3,"{""ema_fast"": 438.568549076562, ""ema_slow"": 438.26740987975114, ""macd_hist"": 0.0937063918542983, ""rsi"": 58.3579455780904, ""atr"": 0.6146887033399422, ""psar"": 437.44336067189636}",❌ LOSS,2025-10-23 08:36:13
2025-10-23 08:57:29,BTC/USD,SELL,98,109289.4,EMA fast<slow; MACD hist falling; PSAR above price,4,"{""ema_fast"": 109392.58870810812, ""ema_slow"": 109448.98068431724, ""macd_hist"": -3.417402968023673, ""rsi"": 31.385113559204143, ""atr"": 74.67447314180468, ""psar"": 109590.4}",,
2025-10-23 08:59:31,BTC/USD,SELL,98,109289.4,EMA fast<slow; MACD hist falling; PSAR above price,4,"{""ema_fast"": 109392.58870810812, ""ema_slow"": 109448.98068431724, ""macd_hist"": -3.417402968023673, ""rsi"": 31.385113559204143, ""atr"": 74.67447314180468, ""psar"": 109590.4}",❌ LOSS,2025-10-23 08:59:31
2025-10-23 09:06:07,ETH/USD,BUY,98,3887.61,EMA fast>slow; MACD hist rising; PSAR below price,4,"{""ema_fast"": 3884.5994601052967, ""ema_slow"": 3882.9956968965776, ""macd_hist"": 0.5807891754911445, ""rsi"": 61.173608517902146, ""atr"": 2.731868454486186, ""psar"": 3878.9289120000003}",,
2025-10-23 09:08:08,ETH/USD,BUY,98,3887.61,EMA fast>slow; MACD hist rising; PSAR below price,4,"{""ema_fast"": 3884.5994601052967, ""ema_slow"": 3882.9956968965776, ""macd_hist"": 0.5807891754911445, ""rsi"": 61.173608517902146, ""atr"": 2.731868454486186, ""psar"": 3878.9289120000003}",❌ LOSS,2025-10-23 09:08:08
2025-10-23 09:24:29,AAPL,BUY,90,258.42999,EMA fast>slow; PSAR below price,3,"{""ema_fast"": 258.34132647467186, ""ema_slow"": 258.1049926085195, ""macd_hist"": 0.03268830343415852, ""rsi"": 66.70897887711018, ""atr"": 0.2212921479284202, ""psar"": 258.0382666269268}",,
2025-10-23 09:26:31,AAPL,BUY,90,258.42999,EMA fast>slow; PSAR below price,3,"{""ema_fast"": 258.34132647467186, ""ema_slow"": 258.1049926085195, ""macd_hist"": 0.03268830343415852, ""rsi"": 66.70897887711018, ""atr"": 0.2212921479284202, ""psar"": 258.0382666269268}",❌ LOSS,2025-10-23 09:26:31
2025-10-23 09:30:07,MSFT,BUY,90,520.47998,EMA fast>slow; PSAR below price,3,"{""ema_fast"": 520.4184648161793, ""ema_slow"": 520.3514612545748, ""macd_hist"": 0.011194472794028063, ""rsi"": 53.182398877539526, ""atr"": 0.39371578105879335, ""psar"": 519.6799183024799}",,
2025-10-23 09:32:13,MSFT,BUY,90,520.47998,EMA fast>slow; PSAR below price,3,"{""ema_fast"": 520.4184648161793, ""ema_slow"": 520.3514612545748, ""macd_hist"": 0.011194472794028063, ""rsi"": 53.182398877539526, ""atr"": 0.39371578105879335, ""psar"": 519.6799183024799}",❌ LOSS,2025-10-23 09:32:13
2025-10-23 09:34:52,XRP/USD,BUY,88,2.41389,EMA fast>slow; PSAR below price,3,"{""ema_fast"": 2.413262770810368, ""ema_slow"": 2.412915927380147, ""macd_hist"": -6.474735181374511e-06, ""rsi"": 58.15255691429469, ""atr"": 0.001347405717083857, ""psar"": 2.41083112512}",,
2025-10-23 09:36:54,XRP/USD,BUY,88,2.41389,EMA fast>slow; PSAR below price,3,"{""ema_fast"": 2.413262770810368, ""ema_slow"": 2.412915927380147, ""macd_hist"": -6.474735181374511e-06, ""rsi"": 58.15255691429469, ""atr"": 0.001347405717083857, ""psar"": 2.41083112512}",✅ WIN,2025-10-23 09:36:54
2025-10-23 09:39:06,NVDA,BUY,98,180.28999,EMA fast>slow; MACD hist rising; PSAR below price,4,"{""ema_fast"": 180.0868694342957, ""ema_slow"": 179.96637982981355, ""macd_hist"": 0.007543909220707273, ""rsi"": 67.26827980427683, ""atr"": 0.18538800202274894, ""psar"": 179.86378575937428}",,
2025-10-23 09:41:08,NVDA,BUY,98,180.28999,EMA fast>slow; MACD hist rising; PSAR below price,4,"{""ema_fast"": 180.0868694342957, ""ema_slow"": 179.96637982981355, ""macd_hist"": 0.007543909220707273, ""rsi"": 67.26827980427683, ""atr"": 0.18538800202274894, ""psar"": 179.86378575937428}",❌ LOSS,2025-10-23 09:41:08
2025-10-23 09:43:59,USD/JPY,BUY,88,152.599,EMA fast>slow; MACD hist rising; PSAR below price; Low ATR,3,"{""ema_fast"": 152.56878317250764, ""ema_slow"": 152.54231611989232, ""macd_hist"": 0.007545556373444347, ""rsi"": 69.9164347259137, ""atr"": 0.025900912957582883, ""psar"": 152.52245918267133}",,
2025-10-23 09:46:02,USD/JPY,BUY,88,152.599,EMA fast>slow; MACD hist rising; PSAR below price; Low ATR,3,"{""ema_fast"": 152.56878317250764, ""ema_slow"": 152.54231611989232, ""macd_hist"": 0.007545556373444347, ""rsi"": 69.9164347259137, ""atr"": 0.025900912957582883, ""psar"": 152.52245918267133}",❌ LOSS,2025-10-23 09:46:02
2025-10-23 09:48:25,TSLA,BUY,87,438.84,EMA fast>slow; PSAR below price,3,"{""ema_fast"": 438.568549076562, ""ema_slow"": 438.26740987975114, ""macd_hist"": 0.0937063918542983, ""rsi"": 58.3579455780904, ""atr"": 0.6146887033399422, ""psar"": 437.44336067189636}",,
2025-10-23 09:50:35,TSLA,BUY,87,438.84,EMA fast>slow; PSAR below price,3,"{""ema_fast"": 438.568549076562, ""ema_slow"": 438.26740987975114, ""macd_hist"": 0.0937063918542983, ""rsi"": 58.3579455780904, ""atr"": 0.6146887033399422, ""psar"": 437.44336067189636}",✅ WIN,2025-10-23 09:50:35
2025-10-23 09:53:51,BTC/USD,BUY,88,109683.8,MACD hist rising; PSAR below price; EMA fast<slow,3,"{""ema_fast"": 109664.17260551962, ""ema_slow"": 109665.15977935294, ""macd_hist"": 8.172744845511419, ""rsi"": 51.92343734151967, ""atr"": 58.034413094550295, ""psar"": 109574.1184683711}",,
2025-10-23 09:55:53,BTC/USD,BUY,88,109683.8,MACD hist rising; PSAR below price; EMA fast<slow,3,"{""ema_fast"": 109664.17260551962, ""ema_slow"": 109665.15977935294, ""macd_hist"": 8.172744845511419, ""rsi"": 51.92343734151967, ""atr"": 58.034413094550295, ""psar"": 109574.1184683711}",❌ LOSS,2025-10-23 09:55:53
2025-10-23 09:59:16,ETH/USD,BUY,89,3894.45,EMA fast>slow; MACD hist rising; PSAR above price,3,"{""ema_fast"": 3892.8125482429773, ""ema_slow"": 3892.7805769877737, ""macd_hist"": 0.04555529483214596, ""rsi"": 54.152443925678334, ""atr"": 2.2915583465311147, ""psar"": 3897.3417100587203}",,
2025-10-23 10:01:43,ETH/USD,BUY,89,3894.45,EMA fast>slow; MACD hist rising; PSAR above price,3,"{""ema_fast"": 3892.8125482429773, ""ema_slow"": 3892.7805769877737, ""macd_hist"": 0.04555529483214596, ""rsi"": 54.152443925678334, ""atr"": 2.2915583465311147, ""psar"": 3897.3417100587203}",❌ LOSS,2025-10-23 10:01:43
2025-10-23 10:07:16,USD/CHF,BUY,90,0.79756999,EMA fast>slow; MACD hist rising; PSAR below price; Low ATR,3,"{""ema_fast"": 0.7974990534137576, ""ema_slow"": 0.7974692499274743, ""macd_hist"": 4.4862762179530757e-07, ""rsi"": 58.248448589666296, ""atr"": 0.00012377153273267525, ""psar"": 0.7973332040660288}",,
2025-10-23 10:13:20,USD/CHF,BUY,90,0.79756999,EMA fast>slow; MACD hist rising; PSAR below price; Low ATR,3,"{""ema_fast"": 0.7974990534137576, ""ema_slow"": 0.7974692499274743, ""macd_hist"": 4.4862762179530757e-07, ""rsi"": 58.248448589666296, ""atr"": 0.00012377153273267525, ""psar"": 0.7973332040660288}",✅ WIN,2025-10-23 10:13:20
2025-10-23 10:17:17,MSFT,BUY,86,520.47998,EMA fast>slow; PSAR below price,3,"{""ema_fast"": 520.4184648161793, ""ema_slow"": 520.3514612545748, ""macd_hist"": 0.011194472794028063, ""rsi"": 53.182398877539526, ""atr"": 0.39371578105879335, ""psar"": 519.6799183024799}",,
2025-10-23 10:17:53,GBP/USD,BUY,90,1.33517,EMA fast>slow; MACD hist rising; PSAR below price; Low ATR,3,"{""ema_fast"": 1.335030603193375, ""ema_slow"": 1.3349936606645327, ""macd_hist"": 1.7518657408700906e-05, ""rsi"": 58.3550542865592, ""atr"": 8.268561475667863e-05, ""psar"": 1.3349}",,
2025-10-23 10:20:05,GBP/USD,BUY,90,1.33517,EMA fast>slow; MACD hist rising; PSAR below price; Low ATR,3,"{""ema_fast"": 1.335030603193375, ""ema_slow"": 1.3349936606645327, ""macd_hist"": 1.7518657408700906e-05, ""rsi"": 58.3550542865592, ""atr"": 8.268561475667863e-05, ""psar"": 1.3349}",✅ WIN,2025-10-23 10:20:05
2025-10-23 10:22:33,MSFT,BUY,86,520.47998,EMA fast>slow; PSAR below price,3,"{""ema_fast"": 520.4184648161793, ""ema_slow"": 520.3514612545748, ""macd_hist"": 0.011194472794028063, ""rsi"": 53.182398877539526, ""atr"": 0.39371578105879335, ""psar"": 519.6799183024799}",,
2025-10-23 10:24:35,MSFT,BUY,86,520.47998,EMA fast>slow; PSAR below price,3,"{""ema_fast"": 520.4184648161793, ""ema_slow"": 520.3514612545748, ""macd_hist"": 0.011194472794028063, ""rsi"": 53.182398877539526, ""atr"": 0.39371578105879335, ""psar"": 519.6799183024799}",❌ LOSS,2025-10-23 10:24:35
2025-10-23 10:27:25,TSLA,BUY,90,438.84,EMA fast>slow; PSAR below price,3,"{""ema_fast"": 438.568549076562, ""ema_slow"": 438.26740987975114, ""macd_hist"": 0.0937063918542983, ""rsi"": 58.3579455780904, ""atr"": 0.6146887033399422, ""psar"": 437.44336067189636}",,
2025-10-23 10:30:07,TSLA,BUY,90,438.84,EMA fast>slow; PSAR below price,3,"{""ema_fast"": 438.568549076562, ""ema_slow"": 438.26740987975114, ""macd_hist"": 0.0937063918542983, ""rsi"": 58.3579455780904, ""atr"": 0.6146887033399422, ""psar"": 437.44336067189636}",❌ LOSS,2025-10-23 10:30:07
2025-10-23 10:35:06,NVDA,BUY,98,180.28999,EMA fast>slow; MACD hist rising; PSAR below price,4,"{""ema_fast"": 180.0868694342957, ""ema_slow"": 179.96637982981355, ""macd_hist"": 0.007543909220707273, ""rsi"": 67.26827980427683, ""atr"": 0.18538800202274894, ""psar"": 179.86378575937428}",,
2025-10-23 10:37:07,NVDA,BUY,98,180.28999,EMA fast>slow; MACD hist rising; PSAR below price,4,"{""ema_fast"": 180.0868694342957, ""ema_slow"": 179.96637982981355, ""macd_hist"": 0.007543909220707273, ""rsi"": 67.26827980427683, ""atr"": 0.18538800202274894, ""psar"": 179.86378575937428}",❌ LOSS,2025-10-23 10:37:07
2025-10-23 10:40:23,AAPL,BUY,90,258.42999,EMA fast>slow; PSAR below price,3,"{""ema_fast"": 258.34132647467186, ""ema_slow"": 258.1049926085195, ""macd_hist"": 0.03268830343415852, ""rsi"": 66.70897887711018, ""atr"": 0.2212921479284202, ""psar"": 258.0382666269268}",,
2025-10-23 10:42:25,AAPL,BUY,90,258.42999,EMA fast>slow; PSAR below price,3,"{""ema_fast"": 258.34132647467186, ""ema_slow"": 258.1049926085195, ""macd_hist"": 0.03268830343415852, ""rsi"": 66.70897887711018, ""atr"": 0.2212921479284202, ""psar"": 258.0382666269268}",❌ LOSS,2025-10-23 10:42:25
2025-10-23 10:45:03,EUR/USD,SELL,89,1.15954,Low ATR; EMA fast<slow; MACD hist falling; PSAR above price,3,"{""ema_fast"": 1.1596477075523393, ""ema_slow"": 1.1597064790565537, ""macd_hist"": -3.6238309922190885e-05, ""rsi"": 40.7878548462873, ""atr"": 0.00011014497388815638, ""psar"": 1.1598423061962726}",,
2025-10-23 10:47:05,EUR/USD,SELL,89,1.15954,Low ATR; EMA fast<slow; MACD hist falling; PSAR above price,3,"{""ema_fast"": 1.1596477075523393, ""ema_slow"": 1.1597064790565537, ""macd_hist"": -3.6238309922190885e-05, ""rsi"": 40.7878548462873, ""atr"": 0.00011014497388815638, ""psar"": 1.1598423061962726}",✅ WIN,2025-10-23 10:47:05
2025-10-23 10:49:51,ETH/USD,SELL,90,3882.21,Low ATR; EMA fast<slow; MACD hist falling; PSAR above price,3,"{""ema_fast"": 3884.204717295612, ""ema_slow"": 3884.4830124794944, ""macd_hist"": -0.4300524999675057, ""rsi"": 42.85843765471106, ""atr"": 1.5731448285327445, ""psar"": 3886.23951433304}",,
2025-10-23 10:51:55,ETH/USD,SELL,90,3882.21,Low ATR; EMA fast<slow; MACD hist falling; PSAR above price,3,"{""ema_fast"": 3884.204717295612, ""ema_slow"": 3884.4830124794944, ""macd_hist"": -0.4300524999675057, ""rsi"": 42.85843765471106, ""atr"": 1.5731448285327445, ""psar"": 3886.23951433304}",❌ LOSS,2025-10-23 10:51:55
2025-10-23 10:54:55,XRP/USD,SELL,89,2.40678,Low ATR; EMA fast<slow; MACD hist falling; PSAR above price,3,"{""ema_fast"": 2.407771502839609, ""ema_slow"": 2.408419756243403, ""macd_hist"": -0.00010114083497298094, ""rsi"": 39.10164315925166, ""atr"": 0.0010816011784592692, ""psar"": 2.4094596544}",,
2025-10-23 10:57:04,USD/CAD,BUY,86,1.39949,EMA fast>slow; MACD hist rising; PSAR below price; Low ATR,3,"{""ema_fast"": 1.3993889344143262, ""ema_slow"": 1.399359862109225, ""macd_hist"": 4.6242013659662515e-06, ""rsi"": 54.00464334521422, ""atr"": 0.0005101658108209336, ""psar"": 1.3989}",,
2025-10-23 10:59:26,USD/CAD,BUY,86,1.39949,EMA fast>slow; MACD hist rising; PSAR below price; Low ATR,3,"{""ema_fast"": 1.3993889344143262, ""ema_slow"": 1.399359862109225, ""macd_hist"": 4.6242013659662515e-06, ""rsi"": 54.00464334521422, ""atr"": 0.0005101658108209336, ""psar"": 1.3989}",✅ WIN,2025-10-23 10:59:26
2025-10-23 11:02:11,EUR/USD,SELL,86,1.15924,Low ATR; EMA fast<slow; MACD hist falling; PSAR above price,3,"{""ema_fast"": 1.1593729413808058, ""ema_slow"": 1.1594816825283782, ""macd_hist"": -2.0971131750209456e-05, ""rsi"": 32.47660034562237, ""atr"": 9.527583816221171e-05, ""psar"": 1.1595202320643418}",,
2025-10-23 11:04:15,EUR/USD,SELL,86,1.15924,Low ATR; EMA fast<slow; MACD hist falling; PSAR above price,3,"{""ema_fast"": 1.1593729413808058, ""ema_slow"": 1.1594816825283782, ""macd_hist"": -2.0971131750209456e-05, ""rsi"": 32.47660034562237, ""atr"": 9.527583816221171e-05, ""psar"": 1.1595202320643418}",❌ LOSS,2025-10-23 11:04:15
2025-10-23 11:12:20,ETH/USD,BUY,98,3898.34,EMA fast>slow; MACD hist rising; PSAR below price,4,"{""ema_fast"": 3893.7237022615773, ""ema_slow"": 3890.8188750424315, ""macd_hist"": 0.5078069560254344, ""rsi"": 68.53692839541378, ""atr"": 2.007895521177965, ""psar"": 3891.4}",,
2025-10-23 11:14:07,ETH/USD,BUY,98,3899.24,EMA fast>slow; MACD hist rising; PSAR below price,4,"{""ema_fast"": 3895.815335557928, ""ema_slow"": 3892.5751427816913, ""macd_hist"": 0.526885251859806, ""rsi"": 67.06083187496986, ""atr"": 2.000421450475266, ""psar"": 3891.80812752}",,
2025-10-23 11:16:08,ETH/USD,BUY,98,3899.24,EMA fast>slow; MACD hist rising; PSAR below price,4,"{""ema_fast"": 3895.815335557928, ""ema_slow"": 3892.5751427816913, ""macd_hist"": 0.526885251859806, ""rsi"": 67.06083187496986, ""atr"": 2.000421450475266, ""psar"": 3891.80812752}",❌ LOSS,2025-10-23 11:16:08
2025-10-23 11:18:59,MSFT,BUY,88,520.47998,EMA fast>slow; PSAR below price,3,"{""ema_fast"": 520.4184648161793, ""ema_slow"": 520.3514612545748, ""macd_hist"": 0.011194472794028063, ""rsi"": 53.182398877539526, ""atr"": 0.39371578105879335, ""psar"": 519.6799183024799}",,
2025-10-23 11:21:00,MSFT,BUY,88,520.47998,EMA fast>slow; PSAR below price,3,"{""ema_fast"": 520.4184648161793, ""ema_slow"": 520.3514612545748, ""macd_hist"": 0.011194472794028063, ""rsi"": 53.182398877539526, ""atr"": 0.39371578105879335, ""psar"": 519.6799183024799}",❌ LOSS,2025-10-23 11:21:00
2025-10-23 11:42:10,AAPL,BUY,86,258.42999,EMA fast>slow; PSAR below price,3,"{""ema_fast"": 258.34132647467186, ""ema_slow"": 258.1049926085195, ""macd_hist"": 0.03268830343415852, ""rsi"": 66.70897887711018, ""atr"": 0.2212921479284202, ""psar"": 258.0382666269268}",,
2025-10-23 11:44:11,AAPL,BUY,86,258.42999,EMA fast>slow; PSAR below price,3,"{""ema_fast"": 258.34132647467186, ""ema_slow"": 258.1049926085195, ""macd_hist"": 0.03268830343415852, ""rsi"": 66.70897887711018, ""atr"": 0.2212921479284202, ""psar"": 258.0382666269268}",❌ LOSS,2025-10-23 11:44:11
2025-10-23 11:47:21,NVDA,BUY,98,180.28999,EMA fast>slow; MACD hist rising; PSAR below price,4,"{""ema_fast"": 180.0868694342957, ""ema_slow"": 179.96637982981355, ""macd_hist"": 0.007543909220707273, ""rsi"": 67.26827980427683, ""atr"": 0.18538800202274894, ""psar"": 179.86378575937428}",,
2025-10-23 11:49:22,NVDA,BUY,98,180.28999,EMA fast>slow; MACD hist rising; PSAR below price,4,"{""ema_fast"": 180.0868694342957, ""ema_slow"": 179.96637982981355, ""macd_hist"": 0.007543909220707273, ""rsi"": 67.26827980427683, ""atr"": 0.18538800202274894, ""psar"": 179.86378575937428}",❌ LOSS,2025-10-23 11:49:22
2025-10-23 11:51:46,XAU/USD,SELL,86,4113.85,EMA fast<slow; PSAR above price,3,"{""ema_fast"": 4113.054876416911, ""ema_slow"": 4114.922353849755, ""macd_hist"": -0.19498977679301133, ""rsi"": 45.77262239041094, ""atr"": 2.5318029483656184, ""psar"": 4119.131341062752}",,
2025-10-23 11:54:38,XAU/USD,SELL,86,4113.85,EMA fast<slow; PSAR above price,3,"{""ema_fast"": 4113.054876416911, ""ema_slow"": 4114.922353849755, ""macd_hist"": -0.19498977679301133, ""rsi"": 45.77262239041094, ""atr"": 2.5318029483656184, ""psar"": 4119.131341062752}",✅ WIN,2025-10-23 11:54:38
2025-10-23 11:59:29,LTC/USD,BUY,87,93.71,EMA fast>slow; PSAR below price; MACD hist falling,3,"{""ema_fast"": 93.69669545872637, ""ema_slow"": 93.67369836491339, ""macd_hist"": -0.0006554442213244915, ""rsi"": 56.28589161678252, ""atr"": 0.0695421040405789, ""psar"": 93.67290673787738}",,
2025-10-23 12:01:38,LTC/USD,BUY,87,93.71,EMA fast>slow; PSAR below price; MACD hist falling,3,"{""ema_fast"": 93.69669545872637, ""ema_slow"": 93.67369836491339, ""macd_hist"": -0.0006554442213244915, ""rsi"": 56.28589161678252, ""atr"": 0.0695421040405789, ""psar"": 93.67290673787738}",❌ LOSS,2025-10-23 12:01:38
2025-10-23 12:04:19,TSLA,BUY,87,438.84,EMA fast>slow; PSAR below price,3,"{""ema_fast"": 438.568549076562, ""ema_slow"": 438.26740987975114, ""macd_hist"": 0.0937063918542983, ""rsi"": 58.3579455780904, ""atr"": 0.6146887033399422, ""psar"": 437.44336067189636}",,
2025-10-23 12:06:20,TSLA,BUY,87,438.84,EMA fast>slow; PSAR below price,3,"{""ema_fast"": 438.568549076562, ""ema_slow"": 438.26740987975114, ""macd_hist"": 0.0937063918542983, ""rsi"": 58.3579455780904, ""atr"": 0.6146887033399422, ""psar"": 437.44336067189636}",❌ LOSS,2025-10-23 12:06:20
2025-10-23 12:08:09,XRP/USD,SELL,98,2.40343,EMA fast<slow; MACD hist falling; PSAR above price,4,"{""ema_fast"": 2.407683967990979, ""ema_slow"": 2.4094534747068326, ""macd_hist"": -0.0007110421962742317, ""rsi"": 28.45605426118243, ""atr"": 0.001566284695427494, ""psar"": 2.4119269550583087}",,
2025-10-23 12:10:10,XRP/USD,SELL,98,2.40343,EMA fast<slow; MACD hist falling; PSAR above price,4,"{""ema_fast"": 2.407683967990979, ""ema_slow"": 2.4094534747068326, ""macd_hist"": -0.0007110421962742317, ""rsi"": 28.45605426118243, ""atr"": 0.001566284695427494, ""psar"": 2.4119269550583087}",❌ LOSS,2025-10-23 12:10:10
2025-10-23 12:12:33,AAPL,BUY,90,258.42999,EMA fast>slow; PSAR below price,3,"{""ema_fast"": 258.34132647467186, ""ema_slow"": 258.1049926085195, ""macd_hist"": 0.03268830343415852, ""rsi"": 66.70897887711018, ""atr"": 0.2212921479284202, ""psar"": 258.0382666269268}",,
2025-10-23 12:14:34,AAPL,BUY,90,258.42999,EMA fast>slow; PSAR below price,3,"{""ema_fast"": 258.34132647467186, ""ema_slow"": 258.1049926085195, ""macd_hist"": 0.03268830343415852, ""rsi"": 66.70897887711018, ""atr"": 0.2212921479284202, ""psar"": 258.0382666269268}",❌ LOSS,2025-10-23 12:14:34
2025-10-23 12:17:46,BTC/USD,SELL,86,109408.86,Low ATR; EMA fast<slow; MACD hist falling; PSAR above price,3,"{""ema_fast"": 109438.22370158938, ""ema_slow"": 109463.67798739113, ""macd_hist"": -6.4418025853734235, ""rsi"": 40.37132198736028, ""atr"": 45.66086615010106, ""psar"": 109476.68817495252}",,
2025-10-23 12:19:47,BTC/USD,SELL,86,109408.86,Low ATR; EMA fast<slow; MACD hist falling; PSAR above price,3,"{""ema_fast"": 109438.22370158938, ""ema_slow"": 109463.67798739113, ""macd_hist"": -6.4418025853734235, ""rsi"": 40.37132198736028, ""atr"": 45.66086615010106, ""psar"": 109476.68817495252}",✅ WIN,2025-10-23 12:19:47
2025-10-23 12:23:04,NVDA,BUY,98,180.28999,EMA fast>slow; MACD hist rising; PSAR below price,4,"{""ema_fast"": 180.0868694342957, ""ema_slow"": 179.96637982981355, ""macd_hist"": 0.007543909220707273, ""rsi"": 67.26827980427683, ""atr"": 0.18538800202274894, ""psar"": 179.86378575937428}",,
2025-10-23 12:25:06,NVDA,BUY,98,180.28999,EMA fast>slow; MACD hist rising; PSAR below price,4,"{""ema_fast"": 180.0868694342957, ""ema_slow"": 179.96637982981355, ""macd_hist"": 0.007543909220707273, ""rsi"": 67.26827980427683, ""atr"": 0.18538800202274894, ""psar"": 179.86378575937428}",❌ LOSS,2025-10-23 12:25:06
2025-10-23 12:28:24,TSLA,BUY,88,438.84,EMA fast>slow; PSAR below price,3,"{""ema_fast"": 438.568549076562, ""ema_slow"": 438.26740987975114, ""macd_hist"": 0.0937063918542983, ""rsi"": 58.3579455780904, ""atr"": 0.6146887033399422, ""psar"": 437.44336067189636}",,
2025-10-23 12:30:25,TSLA,BUY,88,438.84,EMA fast>slow; PSAR below price,3,"{""ema_fast"": 438.568549076562, ""ema_slow"": 438.26740987975114, ""macd_hist"": 0.0937063918542983, ""rsi"": 58.3579455780904, ""atr"": 0.6146887033399422, ""psar"": 437.44336067189636}",❌ LOSS,2025-10-23 12:30:25
2025-10-23 12:34:04,MSFT,BUY,86,520.47998,EMA fast>slow; PSAR below price,3,"{""ema_fast"": 520.4184648161793, ""ema_slow"": 520.3514612545748, ""macd_hist"": 0.011194472794028063, ""rsi"": 53.182398877539526, ""atr"": 0.39371578105879335, ""psar"": 519.6799183024799}",,
2025-10-23 12:36:05,MSFT,BUY,86,520.47998,EMA fast>slow; PSAR below price,3,"{""ema_fast"": 520.4184648161793, ""ema_slow"": 520.3514612545748, ""macd_hist"": 0.011194472794028063, ""rsi"": 53.182398877539526, ""atr"": 0.39371578105879335, ""psar"": 519.6799183024799}",❌ LOSS,2025-10-23 12:36:05
2025-10-23 12:45:34,NVDA,BUY,98,180.28999,EMA fast>slow; MACD hist rising; PSAR below price,4,"{""ema_fast"": 180.0868694342957, ""ema_slow"": 179.96637982981355, ""macd_hist"": 0.007543909220707273, ""rsi"": 67.26827980427683, ""atr"": 0.18538800202274894, ""psar"": 179.86378575937428}",,
2025-10-23 12:47:35,NVDA,BUY,98,180.28999,EMA fast>slow; MACD hist rising; PSAR below price,4,"{""ema_fast"": 180.0868694342957, ""ema_slow"": 179.96637982981355, ""macd_hist"": 0.007543909220707273, ""rsi"": 67.26827980427683, ""atr"": 0.18538800202274894, ""psar"": 179.86378575937428}",❌ LOSS,2025-10-23 12:47:35
2025-10-23 12:49:47,EUR/GBP,BUY,90,0.86896998,EMA fast>slow; MACD hist rising; PSAR below price; Low ATR,3,"{""ema_fast"": 0.868909781252205, ""ema_slow"": 0.8688643250121039, ""macd_hist"": 2.672728172510195e-06, ""rsi"": 61.353084900802486, ""atr"": 9.792852990566484e-05, ""psar"": 0.8688023226204}",,
2025-10-23 12:51:48,EUR/GBP,BUY,90,0.86896998,EMA fast>slow; MACD hist rising; PSAR below price; Low ATR,3,"{""ema_fast"": 0.868909781252205, ""ema_slow"": 0.8688643250121039, ""macd_hist"": 2.672728172510195e-06, ""rsi"": 61.353084900802486, ""atr"": 9.792852990566484e-05, ""psar"": 0.8688023226204}",❌ LOSS,2025-10-23 12:51:48
2025-10-23 12:54:13,LTC/USD,SELL,89,93.29,MACD hist rising; EMA fast<slow; PSAR above price,3,"{""ema_fast"": 93.30122376643465, ""ema_slow"": 93.3713875945042, ""macd_hist"": 0.007007200209437833, ""rsi"": 41.864914240379996, ""atr"": 0.10552225901687237, ""psar"": 93.42540000000001}",,
2025-10-23 12:56:14,LTC/USD,SELL,89,93.29,MACD hist rising; EMA fast<slow; PSAR above price,3,"{""ema_fast"": 93.30122376643465, ""ema_slow"": 93.3713875945042, ""macd_hist"": 0.007007200209437833, ""rsi"": 41.864914240379996, ""atr"": 0.10552225901687237, ""psar"": 93.42540000000001}",✅ WIN,2025-10-23 12:56:14
2025-10-23 12:59:07,ETH/USD,SELL,87,3864.32,EMA fast<slow; PSAR above price,3,"{""ema_fast"": 3865.6209644924706, ""ema_slow"": 3869.0576153842085, ""macd_hist"": -0.18600683076304714, ""rsi"": 32.10116015039205, ""atr"": 2.3014470249067567, ""psar"": 3868.842483338719}",,
2025-10-23 13:01:08,ETH/USD,SELL,87,3864.32,EMA fast<slow; PSAR above price,3,"{""ema_fast"": 3865.6209644924706, ""ema_slow"": 3869.0576153842085, ""macd_hist"": -0.18600683076304714, ""rsi"": 32.10116015039205, ""atr"": 2.3014470249067567, ""psar"": 3868.842483338719}",✅ WIN,2025-10-23 13:01:08
2025-10-23 13:03:37,AAPL,BUY,89,258.42999,EMA fast>slow; PSAR below price,3,"{""ema_fast"": 258.34132647467186, ""ema_slow"": 258.1049926085195, ""macd_hist"": 0.03268830343415852, ""rsi"": 66.70897887711018, ""atr"": 0.2212921479284202, ""psar"": 258.0382666269268}",,
2025-10-23 13:05:38,AAPL,BUY,89,258.42999,EMA fast>slow; PSAR below price,3,"{""ema_fast"": 258.34132647467186, ""ema_slow"": 258.1049926085195, ""macd_hist"": 0.03268830343415852, ""rsi"": 66.70897887711018, ""atr"": 0.2212921479284202, ""psar"": 258.0382666269268}",❌ LOSS,2025-10-23 13:05:38
2025-10-23 13:07:52,TSLA,BUY,86,438.84,EMA fast>slow; PSAR below price,3,"{""ema_fast"": 438.568549076562, ""ema_slow"": 438.26740987975114, ""macd_hist"": 0.0937063918542983, ""rsi"": 58.3579455780904, ""atr"": 0.6146887033399422, ""psar"": 437.44336067189636}",,
2025-10-23 13:09:53,TSLA,BUY,86,438.84,EMA fast>slow; PSAR below price,3,"{""ema_fast"": 438.568549076562, ""ema_slow"": 438.26740987975114, ""macd_hist"": 0.0937063918542983, ""rsi"": 58.3579455780904, ""atr"": 0.6146887033399422, ""psar"": 437.44336067189636}",❌ LOSS,2025-10-23 13:09:53
2025-10-23 13:12:25,XRP/USD,SELL,98,2.38689,EMA fast<slow; MACD hist falling; PSAR above price,4,"{""ema_fast"": 2.3907394396589527, ""ema_slow"": 2.392655519980906, ""macd_hist"": -0.00021136668180467776, ""rsi"": 25.89508689256448, ""atr"": 0.00167087117485472, ""psar"": 2.3930290000000003}",,
2025-10-23 13:14:26,XRP/USD,SELL,98,2.38689,EMA fast<slow; MACD hist falling; PSAR above price,4,"{""ema_fast"": 2.3907394396589527, ""ema_slow"": 2.392655519980906, ""macd_hist"": -0.00021136668180467776, ""rsi"": 25.89508689256448, ""atr"": 0.00167087117485472, ""psar"": 2.3930290000000003}",✅ WIN,2025-10-23 13:14:26
2025-10-23 13:17:00,GBP/USD,SELL,87,1.33378,Low ATR; EMA fast<slow; MACD hist falling; PSAR above price,3,"{""ema_fast"": 1.33386605508788, ""ema_slow"": 1.3338780965442836, ""macd_hist"": -1.6025318097364384e-05, ""rsi"": 43.55678269942411, ""atr"": 5.9254783906505754e-05, ""psar"": 1.334043808}",,
2025-10-23 13:19:02,GBP/USD,SELL,87,1.33378,Low ATR; EMA fast<slow; MACD hist falling; PSAR above price,3,"{""ema_fast"": 1.33386605508788, ""ema_slow"": 1.3338780965442836, ""macd_hist"": -1.6025318097364384e-05, ""rsi"": 43.55678269942411, ""atr"": 5.9254783906505754e-05, ""psar"": 1.334043808}",✅ WIN,2025-10-23 13:19:02
2025-10-23 13:21:54,AUD/USD,SELL,90,0.65006822,Low ATR; EMA fast<slow; MACD hist falling; PSAR above price,3,"{""ema_fast"": 0.6503793345960136, ""ema_slow"": 0.6504583868944034, ""macd_hist"": -1.7697216975223545e-05, ""rsi"": 28.849608429875815, ""atr"": 7.675730858392965e-05, ""psar"": 0.6505183351082351}",,
2025-10-23 13:23:57,AUD/USD,SELL,90,0.65006822,Low ATR; EMA fast<slow; MACD hist falling; PSAR above price,3,"{""ema_fast"": 0.6503793345960136, ""ema_slow"": 0.6504583868944034, ""macd_hist"": -1.7697216975223545e-05, ""rsi"": 28.849608429875815, ""atr"": 7.675730858392965e-05, ""psar"": 0.6505183351082351}",❌ LOSS,2025-10-23 13:23:57
2025-10-23 13:27:05,USD/CAD,SELL,87,1.3989,Low ATR; EMA fast<slow; MACD hist falling; PSAR above price,3,"{""ema_fast"": 1.3992942133301307, ""ema_slow"": 1.3993680013171177, ""macd_hist"": -3.1957077211934585e-05, ""rsi"": 40.62391560211555, ""atr"": 0.0005389534060158139, ""psar"": 1.3997203}",,
2025-10-23 13:29:07,USD/CAD,SELL,87,1.3989,Low ATR; EMA fast<slow; MACD hist falling; PSAR above price,3,"{""ema_fast"": 1.3992942133301307, ""ema_slow"": 1.3993680013171177, ""macd_hist"": -3.1957077211934585e-05, ""rsi"": 40.62391560211555, ""atr"": 0.0005389534060158139, ""psar"": 1.3997203}",❌ LOSS,2025-10-23 13:29:07
2025-10-23 13:35:26,USD/CHF,SELL,90,0.79733002,Low ATR; EMA fast<slow; MACD hist falling; PSAR above price,3,"{""ema_fast"": 0.7975601793649968, ""ema_slow"": 0.797716121510423, ""macd_hist"": -5.335044531689997e-05, ""rsi"": 27.063806974999366, ""atr"": 0.0001588355127976791, ""psar"": 0.7978663887358439}",,
2025-10-23 13:37:27,USD/CHF,SELL,90,0.79733002,Low ATR; EMA fast<slow; MACD hist falling; PSAR above price,3,"{""ema_fast"": 0.7975601793649968, ""ema_slow"": 0.797716121510423, ""macd_hist"": -5.335044531689997e-05, ""rsi"": 27.063806974999366, ""atr"": 0.0001588355127976791, ""psar"": 0.7978663887358439}",❌ LOSS,2025-10-23 13:37:27
2025-10-23 13:40:29,BTC/USD,SELL,89,108973.01,EMA fast<slow; PSAR above price,3,"{""ema_fast"": 108970.14593921689, ""ema_slow"": 109014.73254073768, ""macd_hist"": -9.700639394641264, ""rsi"": 45.539968005953924, ""atr"": 86.32057065163234, ""psar"": 109023.75880942709}",,
2025-10-23 13:42:34,BTC/USD,SELL,89,108973.01,EMA fast<slow; PSAR above price,3,"{""ema_fast"": 108970.14593921689, ""ema_slow"": 109014.73254073768, ""macd_hist"": -9.700639394641264, ""rsi"": 45.539968005953924, ""atr"": 86.32057065163234, ""psar"": 109023.75880942709}",❌ LOSS,2025-10-23 13:42:34
2025-10-23 13:45:30,NVDA,BUY,98,180.28999,EMA fast>slow; MACD hist rising; PSAR below price,4,"{""ema_fast"": 180.0868694342957, ""ema_slow"": 179.96637982981355, ""macd_hist"": 0.007543909220707273, ""rsi"": 67.26827980427683, ""atr"": 0.18538800202274894, ""psar"": 179.86378575937428}",,
2025-10-23 13:47:32,NVDA,BUY,98,180.28999,EMA fast>slow; MACD hist rising; PSAR below price,4,"{""ema_fast"": 180.0868694342957, ""ema_slow"": 179.96637982981355, ""macd_hist"": 0.007543909220707273, ""rsi"": 67.26827980427683, ""atr"": 0.18538800202274894, ""psar"": 179.86378575937428}",❌ LOSS,2025-10-23 13:47:32
2025-10-23 13:50:39,TSLA,BUY,89,438.84,EMA fast>slow; PSAR below price,3,"{""ema_fast"": 438.568549076562, ""ema_slow"": 438.26740987975114, ""macd_hist"": 0.0937063918542983, ""rsi"": 58.3579455780904, ""atr"": 0.6146887033399422, ""psar"": 437.44336067189636}",,
2025-10-23 13:52:41,TSLA,BUY,89,438.84,EMA fast>slow; PSAR below price,3,"{""ema_fast"": 438.568549076562, ""ema_slow"": 438.26740987975114, ""macd_hist"": 0.0937063918542983, ""rsi"": 58.3579455780904, ""atr"": 0.6146887033399422, ""psar"": 437.44336067189636}",❌ LOSS,2025-10-23 13:52:41
2025-10-23 13:55:02,MSFT,BUY,90,520.47998,EMA fast>slow; PSAR below price,3,"{""ema_fast"": 520.4184648161793, ""ema_slow"": 520.3514612545748, ""macd_hist"": 0.011194472794028063, ""rsi"": 53.182398877539526, ""atr"": 0.39371578105879335, ""psar"": 519.6799183024799}",,
2025-10-23 13:57:06,MSFT,BUY,90,520.47998,EMA fast>slow; PSAR below price,3,"{""ema_fast"": 520.4184648161793, ""ema_slow"": 520.3514612545748, ""macd_hist"": 0.011194472794028063, ""rsi"": 53.182398877539526, ""atr"": 0.39371578105879335, ""psar"": 519.6799183024799}",❌ LOSS,2025-10-23 13:57:06
2025-10-23 14:00:18,ETH/USD,SELL,86,3847.4,EMA fast<slow; PSAR above price,3,"{""ema_fast"": 3847.503795807927, ""ema_slow"": 3848.9195937536906, ""macd_hist"": -0.3755084542570444, ""rsi"": 46.08670921323658, ""atr"": 3.1553634478358745, ""psar"": 3854.3111186700694}",,
2025-10-23 14:02:20,ETH/USD,SELL,86,3847.4,EMA fast<slow; PSAR above price,3,"{""ema_fast"": 3847.503795807927, ""ema_slow"": 3848.9195937536906, ""macd_hist"": -0.3755084542570444, ""rsi"": 46.08670921323658, ""atr"": 3.1553634478358745, ""psar"": 3854.3111186700694}",✅ WIN,2025-10-23 14:02:20
2025-10-23 14:06:23,USD/CAD,SELL,86,1.39884,Low ATR; EMA fast<slow; MACD hist falling; PSAR above price,3,"{""ema_fast"": 1.3990336716772722, ""ema_slow"": 1.3991308118027224, ""macd_hist"": -3.855953693309443e-05, ""rsi"": 41.795426566369095, ""atr"": 0.0005526104350129876, ""psar"": 1.3995332179199997}",,
2025-10-23 14:08:35,USD/CAD,SELL,86,1.39884,Low ATR; EMA fast<slow; MACD hist falling; PSAR above price,3,"{""ema_fast"": 1.3990336716772722, ""ema_slow"": 1.3991308118027224, ""macd_hist"": -3.855953693309443e-05, ""rsi"": 41.795426566369095, ""atr"": 0.0005526104350129876, ""psar"": 1.3995332179199997}",✅ WIN,2025-10-23 14:08:35
2025-10-23 14:11:37,XAU/USD,BUY,98,4138.19,EMA fast>slow; MACD hist rising; PSAR below price,4,"{""ema_fast"": 4134.870541691994, ""ema_slow"": 4132.024491433176, ""macd_hist"": 0.31573936588871776, ""rsi"": 66.28748767415246, ""atr"": 2.292734765662792, ""psar"": 4130.899395607182}",,
2025-10-23 14:13:39,XAU/USD,BUY,98,4138.19,EMA fast>slow; MACD hist rising; PSAR below price,4,"{""ema_fast"": 4134.870541691994, ""ema_slow"": 4132.024491433176, ""macd_hist"": 0.31573936588871776, ""rsi"": 66.28748767415246, ""atr"": 2.292734765662792, ""psar"": 4130.899395607182}",❌ LOSS,2025-10-23 14:13:39
2025-10-23 14:18:27,EUR/GBP,BUY,89,0.86936003,EMA fast>slow; MACD hist rising; PSAR below price; Low ATR,3,"{""ema_fast"": 0.8692701079792193, ""ema_slow"": 0.8692682365412107, ""macd_hist"": 8.80092572316803e-06, ""rsi"": 56.17441784350515, ""atr"": 0.00011770716091342056, ""psar"": 0.8691532507378623}",,
2025-10-23 14:20:38,EUR/GBP,BUY,89,0.86936003,EMA fast>slow; MACD hist rising; PSAR below price; Low ATR,3,"{""ema_fast"": 0.8692701079792193, ""ema_slow"": 0.8692682365412107, ""macd_hist"": 8.80092572316803e-06, ""rsi"": 56.17441784350515, ""atr"": 0.00011770716091342056, ""psar"": 0.8691532507378623}",✅ WIN,2025-10-23 14:20:38
2025-10-23 14:23:08,AAPL,BUY,88,258.42999,EMA fast>slow; PSAR below price,3,"{""ema_fast"": 258.34132647467186, ""ema_slow"": 258.1049926085195, ""macd_hist"": 0.03268830343415852, ""rsi"": 66.70897887711018, ""atr"": 0.2212921479284202, ""psar"": 258.0382666269268}",,
2025-10-23 14:25:11,AAPL,BUY,88,258.42999,EMA fast>slow; PSAR below price,3,"{""ema_fast"": 258.34132647467186, ""ema_slow"": 258.1049926085195, ""macd_hist"": 0.03268830343415852, ""rsi"": 66.70897887711018, ""atr"": 0.2212921479284202, ""psar"": 258.0382666269268}",❌ LOSS,2025-10-23 14:25:11
2025-10-23 14:27:36,USD/CHF,SELL,90,0.79663998,Low ATR; EMA fast<slow; MACD hist falling; PSAR above price,3,"{""ema_fast"": 0.7967958094998, ""ema_slow"": 0.7968755702864985, ""macd_hist"": -3.5271420473164595e-05, ""rsi"": 33.906053831208126, ""atr"": 0.00015227529447872914, ""psar"": 0.7970166995940062}",,
2025-10-23 14:29:47,USD/CHF,SELL,90,0.79663998,Low ATR; EMA fast<slow; MACD hist falling; PSAR above price,3,"{""ema_fast"": 0.7967958094998, ""ema_slow"": 0.7968755702864985, ""macd_hist"": -3.5271420473164595e-05, ""rsi"": 33.906053831208126, ""atr"": 0.00015227529447872914, ""psar"": 0.7970166995940062}",❌ LOSS,2025-10-23 14:29:47
2025-10-23 14:33:05,TSLA,SELL,98,417.06,EMA fast<slow; MACD hist falling; PSAR above price,4,"{""ema_fast"": 431.1758714089998, ""ema_slow"": 434.7677767601253, ""macd_hist"": -2.0368877952048177, ""rsi"": 9.143763303337408, ""atr"": 2.2107519942149585, ""psar"": 439.1481}",,
2025-10-23 14:35:07,TSLA,SELL,98,417.06,EMA fast<slow; MACD hist falling; PSAR above price,4,"{""ema_fast"": 431.1758714089998, ""ema_slow"": 434.7677767601253, ""macd_hist"": -2.0368877952048177, ""rsi"": 9.143763303337408, ""atr"": 2.2107519942149585, ""psar"": 439.1481}",✅ WIN,2025-10-23 14:35:07
2025-10-23 14:38:54,EUR/USD,BUY,87,1.16103,EMA fast>slow; MACD hist rising; PSAR below price; Low ATR,3,"{""ema_fast"": 1.1606000851862204, ""ema_slow"": 1.1603987202359014, ""macd_hist"": 6.8728151103077e-05, ""rsi"": 79.11990839482863, ""atr"": 0.0001705572904411446, ""psar"": 1.160350558160455}",,
2025-10-23 14:40:57,EUR/USD,BUY,87,1.16103,EMA fast>slow; MACD hist rising; PSAR below price; Low ATR,3,"{""ema_fast"": 1.1606000851862204, ""ema_slow"": 1.1603987202359014, ""macd_hist"": 6.8728151103077e-05, ""rsi"": 79.11990839482863, ""atr"": 0.0001705572904411446, ""psar"": 1.160350558160455}",❌ LOSS,2025-10-23 14:40:57
2025-10-23 14:45:36,LTC/USD,SELL,89,93.67,EMA fast>slow; MACD hist falling; PSAR above price,3,"{""ema_fast"": 93.6164641063491, ""ema_slow"": 93.50934991794463, ""macd_hist"": -0.008877585297325935, ""rsi"": 60.01494500900361, ""atr"": 0.14826877455864526, ""psar"": 93.81118640949376}",,
2025-10-23 14:47:44,LTC/USD,SELL,89,93.67,EMA fast>slow; MACD hist falling; PSAR above price,3,"{""ema_fast"": 93.6164641063491, ""ema_slow"": 93.50934991794463, ""macd_hist"": -0.008877585297325935, ""rsi"": 60.01494500900361, ""atr"": 0.14826877455864526, ""psar"": 93.81118640949376}",✅ WIN,2025-10-23 14:47:44
2025-10-23 14:49:59,AUD/USD,BUY,87,0.65129608,EMA fast>slow; MACD hist rising; PSAR below price; Low ATR,3,"{""ema_fast"": 0.6512009365229888, ""ema_slow"": 0.6510833939567842, ""macd_hist"": 2.8169262717327582e-06, ""rsi"": 62.5668818777117, ""atr"": 8.094749118255417e-05, ""psar"": 0.650982548070355}",,
2025-10-23 14:52:01,AUD/USD,BUY,87,0.65129608,EMA fast>slow; MACD hist rising; PSAR below price; Low ATR,3,"{""ema_fast"": 0.6512009365229888, ""ema_slow"": 0.6510833939567842, ""macd_hist"": 2.8169262717327582e-06, ""rsi"": 62.5668818777117, ""atr"": 8.094749118255417e-05, ""psar"": 0.650982548070355}",✅ WIN,2025-10-23 14:52:01
2025-10-23 14:55:43,BTC/USD,BUY,98,109601.03,EMA fast>slow; MACD hist rising; PSAR below price,4,"{""ema_fast"": 109522.3866849, ""ema_slow"": 109438.0375069076, ""macd_hist"": 3.5245797827362964, ""rsi"": 60.97667326354917, ""atr"": 124.1205204579688, ""psar"": 109252.45857182721}",,
2025-10-23 14:57:45,BTC/USD,BUY,98,109601.03,EMA fast>slow; MACD hist rising; PSAR below price,4,"{""ema_fast"": 109522.3866849, ""ema_slow"": 109438.0375069076, ""macd_hist"": 3.5245797827362964, ""rsi"": 60.97667326354917, ""atr"": 124.1205204579688, ""psar"": 109252.45857182721}",❌ LOSS,2025-10-23 14:57:45
2025-10-23 15:00:19,XRP/USD,BUY,90,2.40225,EMA fast>slow; PSAR below price,3,"{""ema_fast"": 2.400413863871175, ""ema_slow"": 2.400066136677268, ""macd_hist"": -0.0003179322767514158, ""rsi"": 53.95132628133281, ""atr"": 0.0036598451727332384, ""psar"": 2.39136}",,
2025-10-23 15:02:20,XRP/USD,BUY,90,2.40225,EMA fast>slow; PSAR below price,3,"{""ema_fast"": 2.400413863871175, ""ema_slow"": 2.400066136677268, ""macd_hist"": -0.0003179322767514158, ""rsi"": 53.95132628133281, ""atr"": 0.0036598451727332384, ""psar"": 2.39136}",❌ LOSS,2025-10-23 15:02:20
2025-10-23 15:04:45,USD/CHF,SELL,87,0.79654002,Low ATR; EMA fast<slow; MACD hist falling; PSAR above price,3,"{""ema_fast"": 0.7966398495258533, ""ema_slow"": 0.7966634714581378, ""macd_hist"": -1.7627083876008934e-05, ""rsi"": 44.03721670204357, ""atr"": 0.00017405742807778026, ""psar"": 0.7968273632097072}",,
2025-10-23 15:06:55,USD/CHF,SELL,87,0.79654002,Low ATR; EMA fast<slow; MACD hist falling; PSAR above price,3,"{""ema_fast"": 0.7966398495258533, ""ema_slow"": 0.7966634714581378, ""macd_hist"": -1.7627083876008934e-05, ""rsi"": 44.03721670204357, ""atr"": 0.00017405742807778026, ""psar"": 0.7968273632097072}",✅ WIN,2025-10-23 15:06:55
2025-10-23 15:11:28,XAU/USD,BUY,86,4154.64,EMA fast>slow; PSAR below price; RSI dropping,3,"{""ema_fast"": 4152.572398663662, ""ema_slow"": 4150.210999184204, ""macd_hist"": 0.6988124270737963, ""rsi"": 61.80865400792869, ""atr"": 2.9534411455433043, ""psar"": 4146.9270327169925}",,
2025-10-23 15:13:40,XAU/USD,BUY,86,4154.64,EMA fast>slow; PSAR below price; RSI dropping,3,"{""ema_fast"": 4152.572398663662, ""ema_slow"": 4150.210999184204, ""macd_hist"": 0.6988124270737963, ""rsi"": 61.80865400792869, ""atr"": 2.9534411455433043, ""psar"": 4146.9270327169925}",❌ LOSS,2025-10-23 15:13:40
2025-10-23 15:18:04,ETH/USD,SELL,98,3830.68,RSI rising from low; EMA fast<slow; MACD hist falling; PSAR above price,4,"{""ema_fast"": 3840.8048122319196, ""ema_slow"": 3845.153268169607, ""macd_hist"": -2.143135098929802, ""rsi"": 32.094677620455585, ""atr"": 6.176888194844745, ""psar"": 3853.0965913471996}",,
2025-10-23 15:20:53,ETH/USD,SELL,98,3830.68,RSI rising from low; EMA fast<slow; MACD hist falling; PSAR above price,4,"{""ema_fast"": 3840.8048122319196, ""ema_slow"": 3845.153268169607, ""macd_hist"": -2.143135098929802, ""rsi"": 32.094677620455585, ""atr"": 6.176888194844745, ""psar"": 3853.0965913471996}",❌ LOSS,2025-10-23 15:20:53
2025-10-23 15:23:29,USD/JPY,BUY,86,152.66499,EMA fast>slow; MACD hist rising; PSAR below price; Low ATR,3,"{""ema_fast"": 152.65436843527712, ""ema_slow"": 152.65067745291668, ""macd_hist"": 0.001834037981812172, ""rsi"": 55.17051421397496, ""atr"": 0.0322581133329788, ""psar"": 152.62339666963206}",,
2025-10-23 15:25:30,USD/JPY,BUY,86,152.66499,EMA fast>slow; MACD hist rising; PSAR below price; Low ATR,3,"{""ema_fast"": 152.65436843527712, ""ema_slow"": 152.65067745291668, ""macd_hist"": 0.001834037981812172, ""rsi"": 55.17051421397496, ""atr"": 0.0322581133329788, ""psar"": 152.62339666963206}",✅ WIN,2025-10-23 15:25:30
2025-10-23 15:28:48,MSFT,BUY,98,521.875,EMA fast>slow; MACD hist rising; PSAR below price,4,"{""ema_fast"": 521.4959949943296, ""ema_slow"": 521.4790365020982, ""macd_hist"": 0.04950900619957645, ""rsi"": 55.8822207551146, ""atr"": 0.42949344375492676, ""psar"": 520.7226}",,
2025-10-23 15:30:56,MSFT,BUY,98,521.875,EMA fast>slow; MACD hist rising; PSAR below price,4,"{""ema_fast"": 521.4959949943296, ""ema_slow"": 521.4790365020982, ""macd_hist"": 0.04950900619957645, ""rsi"": 55.8822207551146, ""atr"": 0.42949344375492676, ""psar"": 520.7226}",❌ LOSS,2025-10-23 15:30:56
2025-10-23 15:38:32,TSLA,SELL,89,422.39,EMA fast<slow; PSAR above price,3,"{""ema_fast"": 423.12836076685886, ""ema_slow"": 423.70543319149454, ""macd_hist"": -0.30076389370078715, ""rsi"": 38.839233733749104, ""atr"": 1.0603387061446992, ""psar"": 425.17435375360003}",,
2025-10-23 15:41:29,TSLA,SELL,89,422.39,EMA fast<slow; PSAR above price,3,"{""ema_fast"": 423.12836076685886, ""ema_slow"": 423.70543319149454, ""macd_hist"": -0.30076389370078715, ""rsi"": 38.839233733749104, ""atr"": 1.0603387061446992, ""psar"": 425.17435375360003}",✅ WIN,2025-10-23 15:41:29
2025-10-23 15:54:29,EUR/GBP,BUY,88,0.87156999,EMA fast>slow; MACD hist rising; PSAR below price; Low ATR,3,"{""ema_fast"": 0.8713655449590113, ""ema_slow"": 0.8712906478957303, ""macd_hist"": 7.5415580488257515e-06, ""rsi"": 70.93765870046369, ""atr"": 0.00012956099396287094, ""psar"": 0.8712139806000001}",,
2025-10-23 15:58:02,EUR/GBP,BUY,88,0.87156999,EMA fast>slow; MACD hist rising; PSAR below price; Low ATR,3,"{""ema_fast"": 0.8713655449590113, ""ema_slow"": 0.8712906478957303, ""macd_hist"": 7.5415580488257515e-06, ""rsi"": 70.93765870046369, ""atr"": 0.00012956099396287094, ""psar"": 0.8712139806000001}",❌ LOSS,2025-10-23 15:58:02
2025-10-23 16:10:24,LTC/USD,BUY,90,93.53,MACD hist rising; PSAR below price; EMA fast<slow,3,"{""ema_fast"": 93.47080039688885, ""ema_slow"": 93.48789534791409, ""macd_hist"": 0.0042183070265769534, ""rsi"": 52.795889758160314, ""atr"": 0.09479727034472478, ""psar"": 93.35908799999999}",,
2025-10-23 16:17:17,LTC/USD,BUY,90,93.53,MACD hist rising; PSAR below price; EMA fast<slow,3,"{""ema_fast"": 93.47080039688885, ""ema_slow"": 93.48789534791409, ""macd_hist"": 0.0042183070265769534, ""rsi"": 52.795889758160314, ""atr"": 0.09479727034472478, ""psar"": 93.35908799999999}",✅ WIN,2025-10-23 16:17:17
2025-10-23 16:26:35,AAPL,BUY,87,259.34,EMA fast>slow; MACD hist rising; PSAR above price,3,"{""ema_fast"": 259.23471939984034, ""ema_slow"": 259.2124305435438, ""macd_hist"": 0.029919030636964244, ""rsi"": 56.09800109578322, ""atr"": 0.1337550220822429, ""psar"": 259.4343371255022}",,
2025-10-23 16:28:47,AAPL,BUY,87,259.34,EMA fast>slow; MACD hist rising; PSAR above price,3,"{""ema_fast"": 259.23471939984034, ""ema_slow"": 259.2124305435438, ""macd_hist"": 0.029919030636964244, ""rsi"": 56.09800109578322, ""atr"": 0.1337550220822429, ""psar"": 259.4343371255022}",❌ LOSS,2025-10-23 16:28:47
2025-10-23 16:31:42,NVDA,BUY,98,182.13,EMA fast>slow; MACD hist rising; PSAR below price,4,"{""ema_fast"": 181.93847715541682, ""ema_slow"": 181.93517363514542, ""macd_hist"": 0.02266186628599403, ""rsi"": 59.421414735136935, ""atr"": 0.15557689495886556, ""psar"": 181.6695860057571}",,
2025-10-23 16:34:09,NVDA,BUY,98,182.13,EMA fast>slow; MACD hist rising; PSAR below price,4,"{""ema_fast"": 181.93847715541682, ""ema_slow"": 181.93517363514542, ""macd_hist"": 0.02266186628599403, ""rsi"": 59.421414735136935, ""atr"": 0.15557689495886556, ""psar"": 181.6695860057571}",✅ WIN,2025-10-23 16:34:09
2025-10-23 16:37:28,ETH/USD,BUY,98,3876.09,EMA fast>slow; MACD hist rising; PSAR below price; RSI dropping,4,"{""ema_fast"": 3867.5772851086067, ""ema_slow"": 3861.7281628680357, ""macd_hist"": 2.0556473142899563, ""rsi"": 70.07469416517924, ""atr"": 4.904878698175834, ""psar"": 3855.5030767266817}",,
2025-10-23 16:39:48,ETH/USD,BUY,98,3876.09,EMA fast>slow; MACD hist rising; PSAR below price; RSI dropping,4,"{""ema_fast"": 3867.5772851086067, ""ema_slow"": 3861.7281628680357, ""macd_hist"": 2.0556473142899563, ""rsi"": 70.07469416517924, ""atr"": 4.904878698175834, ""psar"": 3855.5030767266817}",❌ LOSS,2025-10-23 16:39:48
2025-10-23 16:42:11,AUD/USD,BUY,86,0.65159315,EMA fast>slow; MACD hist rising; PSAR below price; Low ATR,3,"{""ema_fast"": 0.651544460634981, ""ema_slow"": 0.6515352895693305, ""macd_hist"": 7.470324304557372e-06, ""rsi"": 52.32835395707887, ""atr"": 0.00010921306138307926, ""psar"": 0.6512444263279895}",,
2025-10-23 16:44:12,AUD/USD,BUY,86,0.65159315,EMA fast>slow; MACD hist rising; PSAR below price; Low ATR,3,"{""ema_fast"": 0.651544460634981, ""ema_slow"": 0.6515352895693305, ""macd_hist"": 7.470324304557372e-06, ""rsi"": 52.32835395707887, ""atr"": 0.00010921306138307926, ""psar"": 0.6512444263279895}",✅ WIN,2025-10-23 16:44:12
2025-10-23 16:47:06,USD/CAD,BUY,90,1.39995,EMA fast>slow; MACD hist rising; PSAR below price; Low ATR,3,"{""ema_fast"": 1.399754795058346, ""ema_slow"": 1.399684478391346, ""macd_hist"": 2.3338700538715788e-05, ""rsi"": 58.30538815218281, ""atr"": 0.0005596496050733516, ""psar"": 1.3992341056191078}",,
2025-10-23 16:49:08,USD/CAD,BUY,90,1.39995,EMA fast>slow; MACD hist rising; PSAR below price; Low ATR,3,"{""ema_fast"": 1.399754795058346, ""ema_slow"": 1.399684478391346, ""macd_hist"": 2.3338700538715788e-05, ""rsi"": 58.30538815218281, ""atr"": 0.0005596496050733516, ""psar"": 1.3992341056191078}",✅ WIN,2025-10-23 16:49:08
2025-10-23 16:51:40,XAU/USD,SELL,87,4139.34,RSI rising from low; Low ATR; EMA fast<slow; MACD hist falling; PSAR above price,3,"{""ema_fast"": 4140.790091477316, ""ema_slow"": 4142.127330701015, ""macd_hist"": -0.21565096566561381, ""rsi"": 37.34674053031428, ""atr"": 1.737876233059161, ""psar"": 4147.567467668449}",,
2025-10-23 16:53:41,XAU/USD,SELL,87,4139.34,RSI rising from low; Low ATR; EMA fast<slow; MACD hist falling; PSAR above price,3,"{""ema_fast"": 4140.790091477316, ""ema_slow"": 4142.127330701015, ""macd_hist"": -0.21565096566561381, ""rsi"": 37.34674053031428, ""atr"": 1.737876233059161, ""psar"": 4147.567467668449}",❌ LOSS,2025-10-23 16:53:41
2025-10-23 16:56:13,EUR/GBP,BUY,86,0.87158,EMA fast>slow; MACD hist rising; PSAR below price; Low ATR,3,"{""ema_fast"": 0.8714988965535042, ""ema_slow"": 0.8714803204054002, ""macd_hist"": 3.206707081464267e-05, ""rsi"": 56.296454659667646, ""atr"": 0.00012536010037539103, ""psar"": 0.8711695712}",,
2025-10-23 16:58:16,EUR/GBP,BUY,86,0.87158,EMA fast>slow; MACD hist rising; PSAR below price; Low ATR,3,"{""ema_fast"": 0.8714988965535042, ""ema_slow"": 0.8714803204054002, ""macd_hist"": 3.206707081464267e-05, ""rsi"": 56.296454659667646, ""atr"": 0.00012536010037539103, ""psar"": 0.8711695712}",✅ WIN,2025-10-23 16:58:16
2025-10-23 17:01:06,BTC/USD,BUY,87,109944.02,EMA fast>slow; PSAR below price; MACD hist falling,3,"{""ema_fast"": 109986.07662239771, ""ema_slow"": 109957.19526573834, ""macd_hist"": -3.5819733626978802, ""rsi"": 50.21072816402466, ""atr"": 89.77552992240875, ""psar"": 109819.3698981478}",,
2025-10-23 17:03:07,BTC/USD,BUY,87,109944.02,EMA fast>slow; PSAR below price; MACD hist falling,3,"{""ema_fast"": 109986.07662239771, ""ema_slow"": 109957.19526573834, ""macd_hist"": -3.5819733626978802, ""rsi"": 50.21072816402466, ""atr"": 89.77552992240875, ""psar"": 109819.3698981478}",✅ WIN,2025-10-23 17:03:07
2025-10-23 17:06:26,TSLA,BUY,98,434.23,EMA fast>slow; MACD hist rising; PSAR below price; RSI dropping,4,"{""ema_fast"": 433.47064033441484, ""ema_slow"": 432.81322597523047, ""macd_hist"": 0.15496487834899864, ""rsi"": 64.47748795372642, ""atr"": 0.7327516957786414, ""psar"": 432.20679359937856}",,
2025-10-23 17:08:27,TSLA,BUY,98,434.23,EMA fast>slow; MACD hist rising; PSAR below price; RSI dropping,4,"{""ema_fast"": 433.47064033441484, ""ema_slow"": 432.81322597523047, ""macd_hist"": 0.15496487834899864, ""rsi"": 64.47748795372642, ""atr"": 0.7327516957786414, ""psar"": 432.20679359937856}",✅ WIN,2025-10-23 17:08:27
2025-10-23 17:13:28,AAPL,BUY,90,260.495,EMA fast>slow; PSAR below price; MACD hist falling,3,"{""ema_fast"": 260.4341816744229, ""ema_slow"": 260.2913242390507, ""macd_hist"": -0.018257917444363614, ""rsi"": 63.363949598205586, ""atr"": 0.1374772861055565, ""psar"": 260.24089627443203}",,
2025-10-23 17:15:29,AAPL,BUY,90,260.495,EMA fast>slow; PSAR below price; MACD hist falling,3,"{""ema_fast"": 260.4341816744229, ""ema_slow"": 260.2913242390507, ""macd_hist"": -0.018257917444363614, ""rsi"": 63.363949598205586, ""atr"": 0.1374772861055565, ""psar"": 260.24089627443203}",❌ LOSS,2025-10-23 17:15:29
2025-10-23 17:21:12,ETH/USD,BUY,90,3874.12,EMA fast>slow; PSAR below price; MACD hist falling,3,"{""ema_fast"": 3876.505174956809, ""ema_slow"": 3876.3665725952974, ""macd_hist"": -0.43667526420061664, ""rsi"": 47.281425154769714, ""atr"": 3.502548337974752, ""psar"": 3867.9477009981442}",,
2025-10-23 17:23:14,ETH/USD,BUY,90,3874.12,EMA fast>slow; PSAR below price; MACD hist falling,3,"{""ema_fast"": 3876.505174956809, ""ema_slow"": 3876.3665725952974, ""macd_hist"": -0.43667526420061664, ""rsi"": 47.281425154769714, ""atr"": 3.502548337974752, ""psar"": 3867.9477009981442}",✅ WIN,2025-10-23 17:23:14
2025-10-23 17:26:33,USD/CAD,SELL,86,1.39919,Low ATR; EMA fast<slow; MACD hist falling; PSAR above price,3,"{""ema_fast"": 1.3992555889595084, ""ema_slow"": 1.3992757523207306, ""macd_hist"": -1.4865982408716687e-06, ""rsi"": 47.09361224979046, ""atr"": 0.0005552411051776741, ""psar"": 1.39953525248}",,
2025-10-23 17:28:42,USD/CAD,SELL,86,1.39919,Low ATR; EMA fast<slow; MACD hist falling; PSAR above price,3,"{""ema_fast"": 1.3992555889595084, ""ema_slow"": 1.3992757523207306, ""macd_hist"": -1.4865982408716687e-06, ""rsi"": 47.09361224979046, ""atr"": 0.0005552411051776741, ""psar"": 1.39953525248}",✅ WIN,2025-10-23 17:28:42
2025-10-24 01:01:14,BTC/USD,BUY,88,110116.03,EMA fast>slow; MACD hist rising; PSAR below price; Low ATR,3,"{""ema_fast"": 110075.62607086771, ""ema_slow"": 110067.2357886403, ""macd_hist"": 3.8416335500243948, ""rsi"": 56.96902046452473, ""atr"": 40.07535685762151, ""psar"": 110010.71826288001}",,
2025-10-24 01:03:16,BTC/USD,BUY,88,110116.03,EMA fast>slow; MACD hist rising; PSAR below price; Low ATR,3,"{""ema_fast"": 110075.62607086771, ""ema_slow"": 110067.2357886403, ""macd_hist"": 3.8416335500243948, ""rsi"": 56.96902046452473, ""atr"": 40.07535685762151, ""psar"": 110010.71826288001}",✅ WIN,2025-10-24 01:03:16
2025-10-24 01:06:01,LTC/USD,BUY,98,94.19,EMA fast>slow; MACD hist rising; PSAR below price,4,"{""ema_fast"": 94.09667136517214, ""ema_slow"": 94.02206137374016, ""macd_hist"": 0.015443741608547855, ""rsi"": 71.98080940784237, ""atr"": 0.06213158699339315, ""psar"": 94.03692900525934}",,
2025-10-24 01:08:02,LTC/USD,BUY,98,94.19,EMA fast>slow; MACD hist rising; PSAR below price,4,"{""ema_fast"": 94.09667136517214, ""ema_slow"": 94.02206137374016, ""macd_hist"": 0.015443741608547855, ""rsi"": 71.98080940784237, ""atr"": 0.06213158699339315, ""psar"": 94.03692900525934}",❌ LOSS,2025-10-24 01:08:02
2025-10-24 01:11:06,USD/JPY,SELL,89,152.51199,Low ATR; EMA fast<slow; MACD hist falling; PSAR above price,3,"{""ema_fast"": 152.53790559080258, ""ema_slow"": 152.5613688341179, ""macd_hist"": -0.006287254794424631, ""rsi"": 34.62313822381894, ""atr"": 0.030753206927495648, ""psar"": 152.56611207785872}",,
2025-10-24 01:13:08,USD/JPY,SELL,89,152.51199,Low ATR; EMA fast<slow; MACD hist falling; PSAR above price,3,"{""ema_fast"": 152.53790559080258, ""ema_slow"": 152.5613688341179, ""macd_hist"": -0.006287254794424631, ""rsi"": 34.62313822381894, ""atr"": 0.030753206927495648, ""psar"": 152.56611207785872}",❌ LOSS,2025-10-24 01:13:08
2025-10-24 01:16:13,MSFT,SELL,87,520.67499,RSI rising from low; EMA fast<slow; PSAR above price,3,"{""ema_fast"": 520.9031265898739, ""ema_slow"": 521.4017887706678, ""macd_hist"": -0.09087669489179406, ""rsi"": 30.065954727397667, ""atr"": 0.36092395083661677, ""psar"": 521.238652214968}",,
2025-10-24 01:18:15,MSFT,SELL,87,520.67499,RSI rising from low; EMA fast<slow; PSAR above price,3,"{""ema_fast"": 520.9031265898739, ""ema_slow"": 521.4017887706678, ""macd_hist"": -0.09087669489179406, ""rsi"": 30.065954727397667, ""atr"": 0.36092395083661677, ""psar"": 521.238652214968}",❌ LOSS,2025-10-24 01:18:15
2025-10-24 01:21:05,NVDA,SELL,90,182.2,MACD hist rising; EMA fast<slow; PSAR above price,3,"{""ema_fast"": 182.20766582708652, ""ema_slow"": 182.30249849500154, ""macd_hist"": 0.010283664690854288, ""rsi"": 42.24277940441569, ""atr"": 0.1927705309690428, ""psar"": 182.45}",,
2025-10-24 01:23:06,NVDA,SELL,90,182.2,MACD hist rising; EMA fast<slow; PSAR above price,3,"{""ema_fast"": 182.20766582708652, ""ema_slow"": 182.30249849500154, ""macd_hist"": 0.010283664690854288, ""rsi"": 42.24277940441569, ""atr"": 0.1927705309690428, ""psar"": 182.45}",❌ LOSS,2025-10-24 01:23:06
2025-10-24 01:25:34,EUR/GBP,BUY,86,0.87176001,EMA fast>slow; MACD hist rising; PSAR below price; Low ATR,3,"{""ema_fast"": 0.8717358765070603, ""ema_slow"": 0.8717191170977661, ""macd_hist"": 5.6500818278201885e-06, ""rsi"": 58.33540979029052, ""atr"": 7.106135068446521e-05, ""psar"": 0.871649416795253}",,
2025-10-24 01:27:36,EUR/GBP,BUY,86,0.87176001,EMA fast>slow; MACD hist rising; PSAR below price; Low ATR,3,"{""ema_fast"": 0.8717358765070603, ""ema_slow"": 0.8717191170977661, ""macd_hist"": 5.6500818278201885e-06, ""rsi"": 58.33540979029052, ""atr"": 7.106135068446521e-05, ""psar"": 0.871649416795253}",❌ LOSS,2025-10-24 01:27:36
2025-10-24 01:30:42,USD/CAD,SELL,89,1.39844,Low ATR; EMA fast<slow; MACD hist falling; PSAR above price,3,"{""ema_fast"": 1.3984711185934375, ""ema_slow"": 1.3984944755973552, ""macd_hist"": -5.302818303260545e-07, ""rsi"": 47.3803719244889, ""atr"": 0.00042844698138843116, ""psar"": 1.3985704077616}",,
2025-10-24 01:32:44,USD/CAD,SELL,89,1.39844,Low ATR; EMA fast<slow; MACD hist falling; PSAR above price,3,"{""ema_fast"": 1.3984711185934375, ""ema_slow"": 1.3984944755973552, ""macd_hist"": -5.302818303260545e-07, ""rsi"": 47.3803719244889, ""atr"": 0.00042844698138843116, ""psar"": 1.3985704077616}",❌ LOSS,2025-10-24 01:32:44
2025-10-24 01:35:27,TSLA,BUY,86,448.995,EMA fast>slow; PSAR below price,3,"{""ema_fast"": 448.6359820600496, ""ema_slow"": 448.1819163029414, ""macd_hist"": -0.03468493928296268, ""rsi"": 63.67379063318499, ""atr"": 0.7298173260336247, ""psar"": 448.21224196897526}",,
2025-10-24 01:37:30,TSLA,BUY,86,448.995,EMA fast>slow; PSAR below price,3,"{""ema_fast"": 448.6359820600496, ""ema_slow"": 448.1819163029414, ""macd_hist"": -0.03468493928296268, ""rsi"": 63.67379063318499, ""atr"": 0.7298173260336247, ""psar"": 448.21224196897526}",❌ LOSS,2025-10-24 01:37:30
2025-10-24 01:40:29,BTC/USD,BUY,98,110368.21,EMA fast>slow; MACD hist rising; PSAR below price,4,"{""ema_fast"": 110331.77633901508, ""ema_slow"": 110297.06416921437, ""macd_hist"": 4.368819795551495, ""rsi"": 58.690272667729765, ""atr"": 65.11161910823895, ""psar"": 110185.862555136}",,
2025-10-24 01:42:30,BTC/USD,BUY,98,110368.21,EMA fast>slow; MACD hist rising; PSAR below price,4,"{""ema_fast"": 110331.77633901508, ""ema_slow"": 110297.06416921437, ""macd_hist"": 4.368819795551495, ""rsi"": 58.690272667729765, ""atr"": 65.11161910823895, ""psar"": 110185.862555136}",✅ WIN,2025-10-24 01:42:30
2025-10-24 01:45:26,ETH/USD,BUY,87,3862.81,EMA fast>slow; PSAR below price; RSI dropping,3,"{""ema_fast"": 3860.5121032200386, ""ema_slow"": 3857.4355736730204, ""macd_hist"": 1.288120058175465, ""rsi"": 62.46933898850033, ""atr"": 2.655831700472124, ""psar"": 3851.7129016338436}",,
2025-10-24 01:47:27,ETH/USD,BUY,87,3862.81,EMA fast>slow; PSAR below price; RSI dropping,3,"{""ema_fast"": 3860.5121032200386, ""ema_slow"": 3857.4355736730204, ""macd_hist"": 1.288120058175465, ""rsi"": 62.46933898850033, ""atr"": 2.655831700472124, ""psar"": 3851.7129016338436}",✅ WIN,2025-10-24 01:47:27
2025-10-24 01:49:32,XRP/USD,BUY,98,2.39842,EMA fast>slow; MACD hist rising; PSAR below price,4,"{""ema_fast"": 2.396146449117948, ""ema_slow"": 2.3943773435268776, ""macd_hist"": 0.0004720894734640568, ""rsi"": 67.24082570159683, ""atr"": 0.0016432126597961379, ""psar"": 2.3926491587670284}",,
2025-10-24 01:51:33,XRP/USD,BUY,98,2.39842,EMA fast>slow; MACD hist rising; PSAR below price,4,"{""ema_fast"": 2.396146449117948, ""ema_slow"": 2.3943773435268776, ""macd_hist"": 0.0004720894734640568, ""rsi"": 67.24082570159683, ""atr"": 0.0016432126597961379, ""psar"": 2.3926491587670284}",✅ WIN,2025-10-24 01:51:33
2025-10-24 01:54:52,MSFT,SELL,89,520.67499,RSI rising from low; EMA fast<slow; PSAR above price,3,"{""ema_fast"": 520.9031265898739, ""ema_slow"": 521.4017887706678, ""macd_hist"": -0.09087669489179406, ""rsi"": 30.065954727397667, ""atr"": 0.36092395083661677, ""psar"": 521.238652214968}",,
2025-10-24 01:56:54,MSFT,SELL,89,520.67499,RSI rising from low; EMA fast<slow; PSAR above price,3,"{""ema_fast"": 520.9031265898739, ""ema_slow"": 521.4017887706678, ""macd_hist"": -0.09087669489179406, ""rsi"": 30.065954727397667, ""atr"": 0.36092395083661677, ""psar"": 521.238652214968}",❌ LOSS,2025-10-24 01:56:54
2025-10-24 02:00:17,AUD/USD,SELL,89,0.65159315,Low ATR; EMA fast<slow; MACD hist falling; PSAR above price,3,"{""ema_fast"": 0.6516300776190829, ""ema_slow"": 0.6516420240485187, ""macd_hist"": -1.3851486564087374e-06, ""rsi"": 46.70434752698671, ""atr"": 6.13356159831337e-05, ""psar"": 0.6518446472594142}",,
2025-10-24 02:02:18,AUD/USD,SELL,89,0.65159315,Low ATR; EMA fast<slow; MACD hist falling; PSAR above price,3,"{""ema_fast"": 0.6516300776190829, ""ema_slow"": 0.6516420240485187, ""macd_hist"": -1.3851486564087374e-06, ""rsi"": 46.70434752698671, ""atr"": 6.13356159831337e-05, ""psar"": 0.6518446472594142}",✅ WIN,2025-10-24 02:02:18
2025-10-24 02:04:40,NVDA,SELL,86,182.2,MACD hist rising; EMA fast<slow; PSAR above price,3,"{""ema_fast"": 182.20766582708652, ""ema_slow"": 182.30249849500154, ""macd_hist"": 0.010283664690854288, ""rsi"": 42.24277940441569, ""atr"": 0.1927705309690428, ""psar"": 182.45}",,
2025-10-24 02:06:42,NVDA,SELL,86,182.2,MACD hist rising; EMA fast<slow; PSAR above price,3,"{""ema_fast"": 182.20766582708652, ""ema_slow"": 182.30249849500154, ""macd_hist"": 0.010283664690854288, ""rsi"": 42.24277940441569, ""atr"": 0.1927705309690428, ""psar"": 182.45}",❌ LOSS,2025-10-24 02:06:42
2025-10-24 02:09:20,LTC/USD,BUY,90,94.46,EMA fast>slow; PSAR below price; MACD hist falling,3,"{""ema_fast"": 94.48287578827622, ""ema_slow"": 94.43546947386727, ""macd_hist"": -0.006655325361814748, ""rsi"": 54.894820267226436, ""atr"": 0.06025124406443842, ""psar"": 94.40117352}",,
2025-10-24 02:11:21,LTC/USD,BUY,90,94.46,EMA fast>slow; PSAR below price; MACD hist falling,3,"{""ema_fast"": 94.48287578827622, ""ema_slow"": 94.43546947386727, ""macd_hist"": -0.006655325361814748, ""rsi"": 54.894820267226436, ""atr"": 0.06025124406443842, ""psar"": 94.40117352}",❌ LOSS,2025-10-24 02:11:21
2025-10-24 02:14:17,XAU/USD,BUY,90,4138.26,EMA fast>slow; MACD hist rising; PSAR below price; Low ATR,3,"{""ema_fast"": 4135.066792193316, ""ema_slow"": 4132.3526417696285, ""macd_hist"": 0.6318236372271433, ""rsi"": 70.3636203497537, ""atr"": 1.8133566582589913, ""psar"": 4131.647319085401}",,
2025-10-24 02:16:18,XAU/USD,BUY,90,4138.26,EMA fast>slow; MACD hist rising; PSAR below price; Low ATR,3,"{""ema_fast"": 4135.066792193316, ""ema_slow"": 4132.3526417696285, ""macd_hist"": 0.6318236372271433, ""rsi"": 70.3636203497537, ""atr"": 1.8133566582589913, ""psar"": 4131.647319085401}",✅ WIN,2025-10-24 02:16:18
2025-10-24 02:19:33,BTC/USD,SELL,98,110458.0,EMA fast<slow; MACD hist falling; PSAR above price,4,"{""ema_fast"": 110521.40321796588, ""ema_slow"": 110548.39562072826, ""macd_hist"": -24.546779545323325, ""rsi"": 41.977684708093, ""atr"": 62.43336125199972, ""psar"": 110671.07513192321}",,
2025-10-24 02:21:34,BTC/USD,SELL,98,110458.0,EMA fast<slow; MACD hist falling; PSAR above price,4,"{""ema_fast"": 110521.40321796588, ""ema_slow"": 110548.39562072826, ""macd_hist"": -24.546779545323325, ""rsi"": 41.977684708093, ""atr"": 62.43336125199972, ""psar"": 110671.07513192321}",❌ LOSS,2025-10-24 02:21:34
2025-10-24 02:24:25,TSLA,BUY,87,448.995,EMA fast>slow; PSAR below price,3,"{""ema_fast"": 448.6359820600496, ""ema_slow"": 448.1819163029414, ""macd_hist"": -0.03468493928296268, ""rsi"": 63.67379063318499, ""atr"": 0.7298173260336247, ""psar"": 448.21224196897526}",,
2025-10-24 02:26:26,TSLA,BUY,87,448.995,EMA fast>slow; PSAR below price,3,"{""ema_fast"": 448.6359820600496, ""ema_slow"": 448.1819163029414, ""macd_hist"": -0.03468493928296268, ""rsi"": 63.67379063318499, ""atr"": 0.7298173260336247, ""psar"": 448.21224196897526}",❌ LOSS,2025-10-24 02:26:26
2025-10-24 02:29:27,MSFT,SELL,89,520.67499,RSI rising from low; EMA fast<slow; PSAR above price,3,"{""ema_fast"": 520.9031265898739, ""ema_slow"": 521.4017887706678, ""macd_hist"": -0.09087669489179406, ""rsi"": 30.065954727397667, ""atr"": 0.36092395083661677, ""psar"": 521.238652214968}",,
2025-10-24 02:31:28,MSFT,SELL,89,520.67499,RSI rising from low; EMA fast<slow; PSAR above price,3,"{""ema_fast"": 520.9031265898739, ""ema_slow"": 521.4017887706678, ""macd_hist"": -0.09087669489179406, ""rsi"": 30.065954727397667, ""atr"": 0.36092395083661677, ""psar"": 521.238652214968}",❌ LOSS,2025-10-24 02:31:28
2025-10-24 02:36:22,GBP/USD,SELL,88,1.33227,Low ATR; EMA fast<slow; MACD hist falling; PSAR above price,3,"{""ema_fast"": 1.3323848624569774, ""ema_slow"": 1.3325252435565986, ""macd_hist"": -1.125553902910534e-05, ""rsi"": 29.560074152643836, ""atr"": 5.870230082013562e-05, ""psar"": 1.3323842716636005}",,
2025-10-24 02:38:23,GBP/USD,SELL,88,1.33227,Low ATR; EMA fast<slow; MACD hist falling; PSAR above price,3,"{""ema_fast"": 1.3323848624569774, ""ema_slow"": 1.3325252435565986, ""macd_hist"": -1.125553902910534e-05, ""rsi"": 29.560074152643836, ""atr"": 5.870230082013562e-05, ""psar"": 1.3323842716636005}",✅ WIN,2025-10-24 02:38:23
2025-10-24 02:40:58,NVDA,SELL,86,182.2,MACD hist rising; EMA fast<slow; PSAR above price,3,"{""ema_fast"": 182.20766582708652, ""ema_slow"": 182.30249849500154, ""macd_hist"": 0.010283664690854288, ""rsi"": 42.24277940441569, ""atr"": 0.1927705309690428, ""psar"": 182.45}",,
2025-10-24 02:42:59,NVDA,SELL,86,182.2,MACD hist rising; EMA fast<slow; PSAR above price,3,"{""ema_fast"": 182.20766582708652, ""ema_slow"": 182.30249849500154, ""macd_hist"": 0.010283664690854288, ""rsi"": 42.24277940441569, ""atr"": 0.1927705309690428, ""psar"": 182.45}",❌ LOSS,2025-10-24 02:42:59
2025-10-24 02:45:24,EUR/GBP,SELL,88,0.87134999,Low ATR; EMA fast<slow; MACD hist falling; PSAR above price,3,"{""ema_fast"": 0.8713972632635943, ""ema_slow"": 0.871419494847091, ""macd_hist"": -7.043719859265963e-06, ""rsi"": 35.28735469733698, ""atr"": 7.159110162116294e-05, ""psar"": 0.8714772602798465}",,
2025-10-24 02:47:26,EUR/GBP,SELL,88,0.87134999,Low ATR; EMA fast<slow; MACD hist falling; PSAR above price,3,"{""ema_fast"": 0.8713972632635943, ""ema_slow"": 0.871419494847091, ""macd_hist"": -7.043719859265963e-06, ""rsi"": 35.28735469733698, ""atr"": 7.159110162116294e-05, ""psar"": 0.8714772602798465}",❌ LOSS,2025-10-24 02:47:26
2025-10-24 02:52:12,LTC/USD,BUY,86,94.44,EMA fast>slow; PSAR below price,3,"{""ema_fast"": 94.43018219966758, ""ema_slow"": 94.38535475302504, ""macd_hist"": 0.01431825433360671, ""rsi"": 55.03626251065545, ""atr"": 0.06390982347132426, ""psar"": 94.39028860133932}",,
2025-10-24 02:54:14,LTC/USD,BUY,86,94.44,EMA fast>slow; PSAR below price,3,"{""ema_fast"": 94.43018219966758, ""ema_slow"": 94.38535475302504, ""macd_hist"": 0.01431825433360671, ""rsi"": 55.03626251065545, ""atr"": 0.06390982347132426, ""psar"": 94.39028860133932}",✅ WIN,2025-10-24 02:54:14
2025-10-24 07:07:11,MSFT,SELL,90,520.67499,RSI rising from low; EMA fast<slow; PSAR above price,3,"{""ema_fast"": 520.9031265898739, ""ema_slow"": 521.4017887706678, ""macd_hist"": -0.09087669489179406, ""rsi"": 30.065954727397667, ""atr"": 0.36092395083661677, ""psar"": 521.238652214968}",,
2025-10-24 07:07:34,USD/JPY,BUY,86,153.0039978,EMA fast>slow; MACD hist rising; PSAR below price; Low ATR,3,"{""ema_fast"": 152.9726543236324, ""ema_slow"": 152.9555923937517, ""macd_hist"": 0.007990695337730058, ""rsi"": 64.38016097939317, ""atr"": 0.029863455400396397, ""psar"": 152.88815725263044}",,
2025-10-24 07:09:36,USD/JPY,BUY,86,153.0039978,EMA fast>slow; MACD hist rising; PSAR below price; Low ATR,3,"{""ema_fast"": 152.9726543236324, ""ema_slow"": 152.9555923937517, ""macd_hist"": 0.007990695337730058, ""rsi"": 64.38016097939317, ""atr"": 0.029863455400396397, ""psar"": 152.88815725263044}",❌ LOSS,2025-10-24 07:09:36
2025-10-24 07:12:47,GBP/USD,SELL,87,1.33168,Low ATR; EMA fast<slow; MACD hist falling; PSAR above price,3,"{""ema_fast"": 1.3320573918075387, ""ema_slow"": 1.3320716950992568, ""macd_hist"": -8.327289602874533e-05, ""rsi"": 39.00052884646018, ""atr"": 0.00012723103655674282, ""psar"": 1.3326265003264}",,
2025-10-24 07:14:49,GBP/USD,SELL,87,1.33168,Low ATR; EMA fast<slow; MACD hist falling; PSAR above price,3,"{""ema_fast"": 1.3320573918075387, ""ema_slow"": 1.3320716950992568, ""macd_hist"": -8.327289602874533e-05, ""rsi"": 39.00052884646018, ""atr"": 0.00012723103655674282, ""psar"": 1.3326265003264}",✅ WIN,2025-10-24 07:14:49
2025-10-24 07:17:22,LTC/USD,BUY,87,95.68,EMA fast>slow; PSAR below price,3,"{""ema_fast"": 95.6833242806936, ""ema_slow"": 95.66319259796026, ""macd_hist"": 0.0001751627292634443, ""rsi"": 54.70580486445566, ""atr"": 0.05827062310792685, ""psar"": 95.64636053385661}",,
2025-10-24 07:19:28,LTC/USD,BUY,87,95.68,EMA fast>slow; PSAR below price,3,"{""ema_fast"": 95.6833242806936, ""ema_slow"": 95.66319259796026, ""macd_hist"": 0.0001751627292634443, ""rsi"": 54.70580486445566, ""atr"": 0.05827062310792685, ""psar"": 95.64636053385661}",✅ WIN,2025-10-24 07:19:28
2025-10-24 07:21:45,TSLA,BUY,88,448.995,EMA fast>slow; PSAR below price,3,"{""ema_fast"": 448.6359820600496, ""ema_slow"": 448.1819163029414, ""macd_hist"": -0.03468493928296268, ""rsi"": 63.67379063318499, ""atr"": 0.7298173260336247, ""psar"": 448.21224196897526}",,
2025-10-24 07:23:46,TSLA,BUY,88,448.995,EMA fast>slow; PSAR below price,3,"{""ema_fast"": 448.6359820600496, ""ema_slow"": 448.1819163029414, ""macd_hist"": -0.03468493928296268, ""rsi"": 63.67379063318499, ""atr"": 0.7298173260336247, ""psar"": 448.21224196897526}",❌ LOSS,2025-10-24 07:23:46
2025-10-24 07:26:45,NVDA,SELL,86,182.2,MACD hist rising; EMA fast<slow; PSAR above price,3,"{""ema_fast"": 182.20766582708652, ""ema_slow"": 182.30249849500154, ""macd_hist"": 0.010283664690854288, ""rsi"": 42.24277940441569, ""atr"": 0.1927705309690428, ""psar"": 182.45}",,
2025-10-24 07:28:47,NVDA,SELL,86,182.2,MACD hist rising; EMA fast<slow; PSAR above price,3,"{""ema_fast"": 182.20766582708652, ""ema_slow"": 182.30249849500154, ""macd_hist"": 0.010283664690854288, ""rsi"": 42.24277940441569, ""atr"": 0.1927705309690428, ""psar"": 182.45}",❌ LOSS,2025-10-24 07:28:47
2025-10-24 07:31:40,EUR/GBP,SELL,90,0.87083,Low ATR; EMA fast<slow; MACD hist falling; PSAR above price,3,"{""ema_fast"": 0.8709870271632996, ""ema_slow"": 0.871101215458547, ""macd_hist"": -5.083821796698465e-05, ""rsi"": 31.06596448915529, ""atr"": 0.00014323710214214367, ""psar"": 0.8712722148448592}",,
2025-10-24 07:33:41,EUR/GBP,SELL,90,0.87083,Low ATR; EMA fast<slow; MACD hist falling; PSAR above price,3,"{""ema_fast"": 0.8709870271632996, ""ema_slow"": 0.871101215458547, ""macd_hist"": -5.083821796698465e-05, ""rsi"": 31.06596448915529, ""atr"": 0.00014323710214214367, ""psar"": 0.8712722148448592}",❌ LOSS,2025-10-24 07:33:41
2025-10-24 07:36:01,BTC/USD,BUY,89,111439.97,EMA fast>slow; MACD hist rising; PSAR below price; Low ATR,3,"{""ema_fast"": 111378.16122974834, ""ema_slow"": 111329.32145183085, ""macd_hist"": 14.139660123897997, ""rsi"": 69.9509135997624, ""atr"": 45.023009755539604, ""psar"": 111282.75642398602}",,
2025-10-24 07:38:03,BTC/USD,BUY,89,111439.97,EMA fast>slow; MACD hist rising; PSAR below price; Low ATR,3,"{""ema_fast"": 111378.16122974834, ""ema_slow"": 111329.32145183085, ""macd_hist"": 14.139660123897997, ""rsi"": 69.9509135997624, ""atr"": 45.023009755539604, ""psar"": 111282.75642398602}",✅ WIN,2025-10-24 07:38:03
2025-10-24 07:41:18,MSFT,SELL,88,520.67499,RSI rising from low; EMA fast<slow; PSAR above price,3,"{""ema_fast"": 520.9031265898739, ""ema_slow"": 521.4017887706678, ""macd_hist"": -0.09087669489179406, ""rsi"": 30.065954727397667, ""atr"": 0.36092395083661677, ""psar"": 521.238652214968}",,
2025-10-24 07:43:23,MSFT,SELL,88,520.67499,RSI rising from low; EMA fast<slow; PSAR above price,3,"{""ema_fast"": 520.9031265898739, ""ema_slow"": 521.4017887706678, ""macd_hist"": -0.09087669489179406, ""rsi"": 30.065954727397667, ""atr"": 0.36092395083661677, ""psar"": 521.238652214968}",❌ LOSS,2025-10-24 07:43:23
2025-10-24 07:45:51,EUR/USD,BUY,89,1.1611,EMA fast>slow; MACD hist rising; PSAR below price; Low ATR,3,"{""ema_fast"": 1.1609821591739746, ""ema_slow"": 1.1608518267531598, ""macd_hist"": 7.413081106142559e-06, ""rsi"": 72.71251137181696, ""atr"": 8.020721619512856e-05, ""psar"": 1.1608834}",,
2025-10-24 07:47:53,EUR/USD,BUY,89,1.1611,EMA fast>slow; MACD hist rising; PSAR below price; Low ATR,3,"{""ema_fast"": 1.1609821591739746, ""ema_slow"": 1.1608518267531598, ""macd_hist"": 7.413081106142559e-06, ""rsi"": 72.71251137181696, ""atr"": 8.020721619512856e-05, ""psar"": 1.1608834}",❌ LOSS,2025-10-24 07:47:53
2025-10-24 07:51:27,XRP/USD,BUY,98,2.44005,EMA fast>slow; MACD hist rising; PSAR below price,4,"{""ema_fast"": 2.439265384836945, ""ema_slow"": 2.439041798920355, ""macd_hist"": 0.00022791800224124644, ""rsi"": 56.18898632849554, ""atr"": 0.001259181715859868, ""psar"": 2.436929614200905}",,
2025-10-24 07:53:39,XRP/USD,BUY,98,2.44005,EMA fast>slow; MACD hist rising; PSAR below price,4,"{""ema_fast"": 2.439265384836945, ""ema_slow"": 2.439041798920355, ""macd_hist"": 0.00022791800224124644, ""rsi"": 56.18898632849554, ""atr"": 0.001259181715859868, ""psar"": 2.436929614200905}",❌ LOSS,2025-10-24 07:53:39
2025-10-24 07:56:52,TSLA,BUY,89,448.995,EMA fast>slow; PSAR below price,3,"{""ema_fast"": 448.6359820600496, ""ema_slow"": 448.1819163029414, ""macd_hist"": -0.03468493928296268, ""rsi"": 63.67379063318499, ""atr"": 0.7298173260336247, ""psar"": 448.21224196897526}",,
2025-10-24 07:58:53,TSLA,BUY,89,448.995,EMA fast>slow; PSAR below price,3,"{""ema_fast"": 448.6359820600496, ""ema_slow"": 448.1819163029414, ""macd_hist"": -0.03468493928296268, ""rsi"": 63.67379063318499, ""atr"": 0.7298173260336247, ""psar"": 448.21224196897526}",❌ LOSS,2025-10-24 07:58:53
2025-10-24 08:02:10,NVDA,SELL,89,182.2,MACD hist rising; EMA fast<slow; PSAR above price,3,"{""ema_fast"": 182.20766582708652, ""ema_slow"": 182.30249849500154, ""macd_hist"": 0.010283664690854288, ""rsi"": 42.24277940441569, ""atr"": 0.1927705309690428, ""psar"": 182.45}",,
2025-10-24 08:04:12,NVDA,SELL,89,182.2,MACD hist rising; EMA fast<slow; PSAR above price,3,"{""ema_fast"": 182.20766582708652, ""ema_slow"": 182.30249849500154, ""macd_hist"": 0.010283664690854288, ""rsi"": 42.24277940441569, ""atr"": 0.1927705309690428, ""psar"": 182.45}",❌ LOSS,2025-10-24 08:04:12
2025-10-24 08:07:12,LTC/USD,BUY,90,96.01,EMA fast>slow; PSAR below price,3,"{""ema_fast"": 96.01176116952618, ""ema_slow"": 95.96657621616016, ""macd_hist"": 0.007785475607087325, ""rsi"": 59.52061311739766, ""atr"": 0.0574266475237878, ""psar"": 95.88537428964243}",,
2025-10-24 08:09:14,LTC/USD,BUY,90,96.01,EMA fast>slow; PSAR below price,3,"{""ema_fast"": 96.01176116952618, ""ema_slow"": 95.96657621616016, ""macd_hist"": 0.007785475607087325, ""rsi"": 59.52061311739766, ""atr"": 0.0574266475237878, ""psar"": 95.88537428964243}",❌ LOSS,2025-10-24 08:09:14
2025-10-24 08:13:18,USD/JPY,SELL,89,152.827,Low ATR; EMA fast<slow; MACD hist falling; PSAR above price,3,"{""ema_fast"": 152.87593904324459, ""ema_slow"": 152.90792919623712, ""macd_hist"": -0.00865185790552497, ""rsi"": 28.975526504967092, ""atr"": 0.03384563892173648, ""psar"": 152.91062251461074}",,
2025-10-24 15:04:13,BTC/USD,SELL,87,110581.66,EMA fast<slow; PSAR above price,3,"{""ema_fast"": 110802.99451667423, ""ema_slow"": 110834.05106037969, ""macd_hist"": 15.680146193891702, ""rsi"": 36.67656102849909, ""atr"": 141.04986455825616, ""psar"": 111005.07}",,
2025-10-24 15:06:21,BTC/USD,SELL,87,110581.66,EMA fast<slow; PSAR above price,3,"{""ema_fast"": 110802.99451667423, ""ema_slow"": 110834.05106037969, ""macd_hist"": 15.680146193891702, ""rsi"": 36.67656102849909, ""atr"": 141.04986455825616, ""psar"": 111005.07}",✅ WIN,2025-10-24 15:06:21
2025-10-24 15:09:31,XAU/USD,BUY,98,4108.87,EMA fast>slow; MACD hist rising; PSAR below price,4,"{""ema_fast"": 4105.533044800357, ""ema_slow"": 4104.00639696833, ""macd_hist"": 0.9439883961281942, ""rsi"": 60.821403149339886, ""atr"": 3.528665915898306, ""psar"": 4097.830109572133}",,
2025-10-24 15:11:32,XAU/USD,BUY,98,4108.87,EMA fast>slow; MACD hist rising; PSAR below price,4,"{""ema_fast"": 4105.533044800357, ""ema_slow"": 4104.00639696833, ""macd_hist"": 0.9439883961281942, ""rsi"": 60.821403149339886, ""atr"": 3.528665915898306, ""psar"": 4097.830109572133}",✅ WIN,2025-10-24 15:11:32
2025-10-24 15:14:34,EUR/USD,BUY,90,1.16285,EMA fast>slow; MACD hist rising; PSAR below price; Low ATR,3,"{""ema_fast"": 1.1626814140175106, ""ema_slow"": 1.1626484051738948, ""macd_hist"": 7.353739343734836e-05, ""rsi"": 55.468334449295085, ""atr"": 0.00020768295736954437, ""psar"": 1.1622479113600002}",,
2025-10-24 15:16:35,EUR/USD,BUY,90,1.16285,EMA fast>slow; MACD hist rising; PSAR below price; Low ATR,3,"{""ema_fast"": 1.1626814140175106, ""ema_slow"": 1.1626484051738948, ""macd_hist"": 7.353739343734836e-05, ""rsi"": 55.468334449295085, ""atr"": 0.00020768295736954437, ""psar"": 1.1622479113600002}",✅ WIN,2025-10-24 15:16:35
2025-10-24 15:19:21,MSFT,BUY,88,523.12,EMA fast>slow; PSAR below price,3,"{""ema_fast"": 523.0868213248701, ""ema_slow"": 522.9837145746831, ""macd_hist"": 0.04900429284236443, ""rsi"": 52.92928228975465, ""atr"": 0.37373700058762044, ""psar"": 522.5949206912346}",,
2025-10-24 15:21:24,MSFT,BUY,88,523.12,EMA fast>slow; PSAR below price,3,"{""ema_fast"": 523.0868213248701, ""ema_slow"": 522.9837145746831, ""macd_hist"": 0.04900429284236443, ""rsi"": 52.92928228975465, ""atr"": 0.37373700058762044, ""psar"": 522.5949206912346}",✅ WIN,2025-10-24 15:21:24
